DL,2561,ABE,ATL,600,818
EV,4940,ABE,ATL,1303,1513
EV,5197,ABE,ATL,1610,1827
DL,1452,ABQ,ATL,630,1127
DL,2318,ABQ,ATL,804,1301
DL,1784,ABQ,ATL,1320,1815
EV,5290,ABY,ATL,600,650
EV,5334,ABY,ATL,1205,1301
EV,5335,ABY,ATL,1729,1830
NK,133,ACY,ATL,1215,1424
EV,5286,AEX,ATL,605,840
EV,5485,AEX,ATL,1112,1347
EV,5442,AEX,ATL,1341,1614
EV,5155,AEX,ATL,1725,2002
EV,5108,AGS,ATL,530,623
DL,1430,AGS,ATL,630,731
DL,1245,AGS,ATL,755,903
EV,5541,AGS,ATL,1032,1130
EV,5580,AGS,ATL,1255,1357
EV,4969,AGS,ATL,1550,1650
EV,5411,AGS,ATL,1700,1756
EV,5107,AGS,ATL,1852,1959
DL,2352,ALB,ATL,615,902
DL,1543,ALB,ATL,1242,1529
DL,2033,ALB,ATL,1818,2109
EV,4940,ATL,ABE,1025,1228
EV,5197,ATL,ABE,1341,1535
DL,2582,ATL,ABE,2100,2303
DL,1784,ATL,ABQ,1102,1235
DL,1142,ATL,ABQ,1659,1833
DL,305,ATL,ABQ,1959,2134
EV,5334,ATL,ABY,1045,1140
EV,5335,ATL,ABY,1611,1700
EV,5351,ATL,ABY,2041,2130
NK,332,ATL,ACY,1504,1655
EV,5485,ATL,AEX,959,1045
EV,5442,ATL,AEX,1231,1316
EV,5155,ATL,AEX,1615,1700
EV,5156,ATL,AEX,2044,2127
EV,5541,ATL,AGS,905,957
EV,5580,ATL,AGS,1130,1219
EV,4969,ATL,AGS,1423,1515
EV,5411,ATL,AGS,1515,1608
EV,5107,ATL,AGS,1725,1817
DL,2411,ATL,AGS,1920,2017
DL,2637,ATL,AGS,2124,2216
EV,5060,ATL,AGS,2305,2355
DL,1543,ATL,ALB,945,1202
DL,2033,ATL,ALB,1517,1738
DL,1515,ATL,ALB,1931,2147
DL,2562,ATL,ATW,1935,2052
DL,1868,ATL,AUS,835,1004
DL,1858,ATL,AUS,1005,1136
WN,1796,ATL,AUS,1025,1205
DL,881,ATL,AUS,1217,1346
DL,925,ATL,AUS,1432,1601
DL,663,ATL,AUS,1619,1750
F9,1493,ATL,AUS,1835,2005
DL,965,ATL,AUS,1932,2105
WN,1004,ATL,AUS,2155,2330
DL,2813,ATL,AUS,2229,2358
EV,5226,ATL,AVL,908,1001
EV,5222,ATL,AVL,1315,1405
DL,2556,ATL,AVL,1522,1623
EV,4971,ATL,AVL,1753,1848
DL,2289,ATL,AVL,2040,2139
EV,5292,ATL,AVL,2305,2359
DL,1063,ATL,AVP,2044,2245
DL,2457,ATL,BDL,726,942
DL,1696,ATL,BDL,948,1202
DL,2465,ATL,BDL,1227,1440
DL,1690,ATL,BDL,1404,1623
DL,1724,ATL,BDL,1530,1752
DL,514,ATL,BDL,1745,2004
DL,1062,ATL,BDL,2200,20
DL,1051,ATL,BHM,840,830
DL,1988,ATL,BHM,941,935
DL,1686,ATL,BHM,1050,1045
DL,2511,ATL,BHM,1235,1227
DL,2288,ATL,BHM,1415,1410
DL,1626,ATL,BHM,1551,1548
DL,117,ATL,BHM,1645,1640
DL,2525,ATL,BHM,1816,1811
DL,2383,ATL,BHM,1959,1955
DL,2590,ATL,BHM,2110,2108
DL,1819,ATL,BHM,2310,2304
EV,5460,ATL,BMI,1515,1558
EV,5423,ATL,BMI,2115,2200
DL,2189,ATL,BNA,830,835
DL,1066,ATL,BNA,951,959
DL,1412,ATL,BNA,1100,1108
DL,1257,ATL,BNA,1215,1219
DL,1676,ATL,BNA,1343,1350
DL,2599,ATL,BNA,1520,1530
DL,2176,ATL,BNA,1628,1640
DL,1173,ATL,BNA,1757,1803
DL,955,ATL,BNA,1915,1924
DL,342,ATL,BNA,2050,2101
DL,1552,ATL,BNA,2214,2222
DL,1709,ATL,BNA,2315,2320
DL,104,ATL,BOS,735,1005
WN,4042,ATL,BOS,805,1035
DL,2785,ATL,BOS,845,1109
DL,2102,ATL,BOS,1006,1238
DL,1200,ATL,BOS,1126,1355
NK,163,ATL,BOS,1148,1418
DL,1400,ATL,BOS,1255,1524
WN,124,ATL,BOS,1335,1605
DL,1500,ATL,BOS,1355,1627
DL,980,ATL,BOS,1550,1829
DL,1800,ATL,BOS,1650,1930
DL,1900,ATL,BOS,1750,2025
DL,2100,ATL,BOS,1925,2152
DL,903,ATL,BOS,2049,2322
WN,1550,ATL,BOS,2130,5
DL,2300,ATL,BOS,2155,23
EV,4992,ATL,BQK,1027,1135
EV,5527,ATL,BQK,1449,1552
EV,5529,ATL,BQK,1936,2040
EV,5166,ATL,BTR,810,850
EV,4915,ATL,BTR,1025,1106
DL,1278,ATL,BTR,1340,1419
EV,5440,ATL,BTR,1620,1655
EV,5502,ATL,BTR,1753,1829
EV,5137,ATL,BTR,1905,1944
EV,5081,ATL,BTR,2051,2129
EV,5247,ATL,BTR,2155,2229
DL,1672,ATL,BUF,817,1018
DL,723,ATL,BUF,1031,1229
DL,1159,ATL,BUF,1329,1525
DL,1176,ATL,BUF,1625,1826
DL,2473,ATL,BUF,2106,2317
WN,430,ATL,BWI,650,835
DL,1925,ATL,BWI,725,912
DL,995,ATL,BWI,850,1040
WN,819,ATL,BWI,940,1130
DL,2125,ATL,BWI,955,1147
DL,2325,ATL,BWI,1115,1305
WN,3087,ATL,BWI,1140,1325
NK,828,ATL,BWI,1149,1329
DL,1153,ATL,BWI,1235,1420
DL,1425,ATL,BWI,1347,1537
WN,349,ATL,BWI,1350,1535
DL,1824,ATL,BWI,1455,1645
DL,1525,ATL,BWI,1624,1820
DL,875,ATL,BWI,1734,1928
WN,498,ATL,BWI,1740,1930
DL,2024,ATL,BWI,1912,2105
WN,261,ATL,BWI,1925,2120
DL,880,ATL,BWI,2055,2249
DL,1924,ATL,BWI,2205,2353
WN,5144,ATL,BWI,2220,5
EV,5111,ATL,CAE,810,911
EV,5094,ATL,CAE,1026,1124
EV,4892,ATL,CAE,1356,1454
EV,5604,ATL,CAE,1515,1615
DL,1421,ATL,CAE,1640,1740
EV,5224,ATL,CAE,1755,1851
DL,1359,ATL,CAE,1932,2035
EV,5503,ATL,CAE,2155,2251
DL,2348,ATL,CAE,2313,9
WN,371,ATL,CAK,835,1015
DL,1190,ATL,CAK,905,1039
DL,2211,ATL,CAK,1305,1441
DL,1998,ATL,CAK,1543,1725
DL,1571,ATL,CAK,2156,2339
WN,257,ATL,CAK,2245,25
EV,5538,ATL,CHA,811,855
EV,5177,ATL,CHA,1026,1116
EV,4875,ATL,CHA,1208,1255
EV,4901,ATL,CHA,1440,1523
DL,1958,ATL,CHA,1535,1618
OO,4613,ATL,CHA,1712,1758
DL,1600,ATL,CHA,1825,1914
EV,5036,ATL,CHA,1944,2034
DL,2347,ATL,CHA,2044,2135
DL,1573,ATL,CHA,2305,2352
OO,4594,ATL,CHO,1032,1204
EV,5496,ATL,CHO,1454,1620
DL,2402,ATL,CHO,1920,2051
DL,1670,ATL,CHS,830,938
DL,1350,ATL,CHS,935,1044
DL,1463,ATL,CHS,1051,1202
DL,1121,ATL,CHS,1220,1331
DL,2472,ATL,CHS,1341,1450
DL,1791,ATL,CHS,1507,1620
DL,2596,ATL,CHS,1640,1754
DL,1971,ATL,CHS,1755,1908
DL,1607,ATL,CHS,1925,2036
DL,1730,ATL,CHS,2045,2156
DL,2207,ATL,CHS,2305,14
EV,5068,ATL,CID,1518,1628
EV,5225,ATL,CID,2104,2211
DL,1470,ATL,CLE,836,1019
DL,1474,ATL,CLE,1031,1215
DL,2528,ATL,CLE,1259,1443
F9,1408,ATL,CLE,1305,1445
DL,1732,ATL,CLE,1410,1557
DL,1946,ATL,CLE,1624,1815
NK,246,ATL,CLE,1700,1852
DL,2291,ATL,CLE,1915,2109
DL,2548,ATL,CLE,2041,2227
DL,2529,ATL,CLE,2210,3
AA,658,ATL,CLT,545,650
AA,1905,ATL,CLT,700,814
DL,2422,ATL,CLT,725,848
AA,713,ATL,CLT,850,1009
DL,2609,ATL,CLT,851,1005
DL,2251,ATL,CLT,1005,1119
AA,691,ATL,CLT,1040,1157
DL,1095,ATL,CLT,1129,1238
DL,2597,ATL,CLT,1230,1348
DL,2133,ATL,CLT,1345,1502
AA,2036,ATL,CLT,1355,1506
DL,2642,ATL,CLT,1500,1610
AA,2070,ATL,CLT,1535,1648
DL,826,ATL,CLT,1610,1725
DL,1407,ATL,CLT,1737,1857
AA,643,ATL,CLT,1740,1852
DL,2052,ATL,CLT,1915,2029
DL,1076,ATL,CLT,2040,2157
DL,1441,ATL,CLT,2305,12
DL,1681,ATL,CMH,740,908
WN,350,ATL,CMH,830,1005
DL,1276,ATL,CMH,956,1128
DL,755,ATL,CMH,1205,1334
DL,1695,ATL,CMH,1425,1554
WN,2576,ATL,CMH,1555,1725
DL,1347,ATL,CMH,1610,1743
DL,1314,ATL,CMH,1746,1920
DL,830,ATL,CMH,1924,2100
DL,1881,ATL,CMH,2220,2351
WN,128,ATL,CMH,2240,10
DL,2117,ATL,COS,1920,2039
EV,5582,ATL,CRW,950,1110
EV,5425,ATL,CRW,1222,1342
OO,4735,ATL,CRW,1455,1617
EV,5072,ATL,CRW,1725,1843
DL,993,ATL,CRW,2155,2316
EV,5190,ATL,CSG,1006,1050
EV,5566,ATL,CSG,1340,1423
EV,5474,ATL,CSG,1622,1704
EV,4989,ATL,CSG,2010,2050
DL,1148,ATL,CVG,728,850
DL,2011,ATL,CVG,951,1117
DL,2435,ATL,CVG,1218,1341
DL,333,ATL,CVG,1406,1529
DL,1138,ATL,CVG,1611,1738
DL,668,ATL,CVG,1914,2042
DL,2239,ATL,CVG,2205,2332
DL,2387,ATL,DAB,925,1040
DL,1087,ATL,DAB,1205,1322
DL,2439,ATL,DAB,1555,1713
DL,2587,ATL,DAB,2211,2334
WN,618,ATL,DAL,640,800
DL,1279,ATL,DAL,810,928
WN,17,ATL,DAL,910,1030
DL,1513,ATL,DAL,1050,1206
WN,2123,ATL,DAL,1310,1430
DL,2055,ATL,DAL,1358,1515
WN,47,ATL,DAL,1605,1725
DL,2445,ATL,DAL,1610,1725
WN,5141,ATL,DAL,2100,2225
DL,2409,ATL,DAL,2105,2229
DL,1521,ATL,DAY,816,942
DL,1161,ATL,DAY,1215,1344
DL,2337,ATL,DAY,1601,1731
DL,2852,ATL,DAY,2057,2235
DL,2638,ATL,DCA,725,907
DL,2538,ATL,DCA,820,959
WN,2768,ATL,DCA,915,1100
DL,2438,ATL,DCA,920,1059
DL,150,ATL,DCA,1020,1201
DL,1855,ATL,DCA,1120,1259
WN,2779,ATL,DCA,1135,1320
DL,2338,ATL,DCA,1220,1404
DL,2238,ATL,DCA,1319,1459
WN,2890,ATL,DCA,1345,1530
DL,2138,ATL,DCA,1420,1602
DL,2038,ATL,DCA,1520,1712
WN,1672,ATL,DCA,1605,1750
DL,1938,ATL,DCA,1620,1808
DL,1838,ATL,DCA,1720,1903
WN,260,ATL,DCA,1815,2000
DL,1738,ATL,DCA,1820,2003
DL,1638,ATL,DCA,1920,2110
DL,374,ATL,DCA,2035,2218
DL,1438,ATL,DCA,2145,2329
WN,2099,ATL,DCA,2220,2355
F9,429,ATL,DEN,705,825
WN,105,ATL,DEN,755,920
DL,1816,ATL,DEN,825,950
UA,533,ATL,DEN,845,1020
DL,1382,ATL,DEN,940,1105
DL,1916,ATL,DEN,1106,1231
WN,387,ATL,DEN,1330,1455
DL,1817,ATL,DEN,1340,1507
DL,2016,ATL,DEN,1505,1636
UA,453,ATL,DEN,1640,1814
DL,2266,ATL,DEN,1759,1925
WN,1026,ATL,DEN,1825,1955
DL,1903,ATL,DEN,1910,2039
UA,842,ATL,DEN,1945,2124
F9,421,ATL,DEN,2025,2146
AA,1635,ATL,DFW,608,735
DL,1243,ATL,DFW,738,902
AA,1607,ATL,DFW,740,913
DL,2310,ATL,DFW,900,1025
AA,349,ATL,DFW,915,1047
DL,1710,ATL,DFW,1005,1135
AA,1641,ATL,DFW,1107,1234
DL,2110,ATL,DFW,1121,1250
DL,1171,ATL,DFW,1240,1410
AA,1427,ATL,DFW,1300,1430
DL,1910,ATL,DFW,1350,1523
AA,1473,ATL,DFW,1441,1610
DL,2361,ATL,DFW,1500,1632
AA,344,ATL,DFW,1604,1735
DL,1810,ATL,DFW,1618,1750
AA,1087,ATL,DFW,1725,1900
DL,1445,ATL,DFW,1735,1905
NK,146,ATL,DFW,1835,1954
DL,29,ATL,DFW,1906,2035
AA,232,ATL,DFW,1921,2056
DL,1711,ATL,DFW,2205,2330
EV,5113,ATL,DHN,1025,1025
EV,5006,ATL,DHN,1345,1341
EV,5066,ATL,DHN,1729,1724
EV,5093,ATL,DHN,1931,1930
DL,2541,ATL,DSM,1000,1115
DL,1532,ATL,DSM,1505,1623
DL,1953,ATL,DSM,2041,2202
DL,2005,ATL,DTW,725,919
WN,2633,ATL,DTW,830,1030
DL,629,ATL,DTW,920,1116
DL,748,ATL,DTW,1050,1250
DL,991,ATL,DTW,1205,1408
DL,1231,ATL,DTW,1346,1547
DL,902,ATL,DTW,1459,1700
NK,770,ATL,DTW,1530,1725
WN,3023,ATL,DTW,1555,1750
DL,1166,ATL,DTW,1615,1817
DL,1267,ATL,DTW,1725,1925
DL,1448,ATL,DTW,1905,2109
DL,746,ATL,DTW,2055,2249
DL,1290,ATL,DTW,2200,2356
WN,505,ATL,DTW,2245,45
DL,1617,ATL,ECP,914,917
DL,1733,ATL,ECP,1108,1117
DL,2506,ATL,ECP,1355,1359
DL,1403,ATL,ECP,1657,1702
DL,2431,ATL,ECP,1950,1958
DL,507,ATL,ECP,2156,2205
DL,2136,ATL,ELP,940,1105
DL,2812,ATL,ELP,1402,1532
DL,2293,ATL,ELP,1934,2102
EV,4913,ATL,EVV,1000,1020
EV,5342,ATL,EVV,1636,1658
DL,2811,ATL,EVV,2130,2152
EV,5398,ATL,EWN,1320,1441
EV,5061,ATL,EWN,2110,2236
UA,224,ATL,EWR,550,804
DL,2343,ATL,EWR,726,934
DL,1920,ATL,EWR,855,1106
UA,387,ATL,EWR,1000,1214
DL,1444,ATL,EWR,1105,1317
UA,421,ATL,EWR,1119,1340
DL,1942,ATL,EWR,1236,1449
DL,2042,ATL,EWR,1342,1601
DL,2537,ATL,EWR,1505,1719
UA,356,ATL,EWR,1544,1806
DL,2142,ATL,EWR,1640,1859
UA,410,ATL,EWR,1739,2001
DL,1621,ATL,EWR,1825,2039
DL,504,ATL,EWR,1955,2212
DL,2286,ATL,EWR,2040,2259
UA,674,ATL,EWR,2052,2313
DL,2415,ATL,EWR,2150,2358
DL,1355,ATL,EYW,940,1129
EV,5105,ATL,EYW,1220,1406
DL,2036,ATL,EYW,1504,1655
EV,4877,ATL,EYW,1905,2056
EV,5162,ATL,FAY,810,927
EV,5063,ATL,FAY,1120,1232
DL,1165,ATL,FAY,1354,1508
EV,4943,ATL,FAY,1515,1630
EV,4957,ATL,FAY,1725,1838
DL,1742,ATL,FAY,2109,2229
DL,2227,ATL,FLL,700,845
NK,231,ATL,FLL,705,850
DL,2226,ATL,FLL,805,948
WN,153,ATL,FLL,810,1000
DL,1589,ATL,FLL,900,1049
DL,2026,ATL,FLL,1000,1151
NK,877,ATL,FLL,1010,1200
WN,2314,ATL,FLL,1015,1210
DL,1827,ATL,FLL,1130,1316
DL,1826,ATL,FLL,1300,1449
WN,3230,ATL,FLL,1345,1535
DL,1726,ATL,FLL,1410,1600
DL,1615,ATL,FLL,1500,1655
DL,1527,ATL,FLL,1555,1744
DL,2334,ATL,FLL,1704,1856
WN,163,ATL,FLL,1835,2020
DL,306,ATL,FLL,1920,2110
DL,1657,ATL,FLL,2055,2244
WN,540,ATL,FLL,2110,2300
DL,1427,ATL,FLL,2155,2346
DL,863,ATL,FLL,2310,100
DL,1767,ATL,FNT,932,1124
DL,2053,ATL,FNT,1505,1708
DL,1766,ATL,FNT,2107,2310
DL,795,ATL,FSD,1959,2141
EV,4914,ATL,FSM,1356,1450
EV,4980,ATL,FSM,2115,2208
OO,4670,ATL,FWA,912,1051
OO,4704,ATL,FWA,1354,1535
EV,5022,ATL,FWA,1727,1905
OO,4782,ATL,FWA,1940,2124
EV,5077,ATL,GNV,825,940
EV,5322,ATL,GNV,1154,1302
EV,5059,ATL,GNV,1308,1416
DL,2552,ATL,GNV,1508,1624
EV,4953,ATL,GNV,1734,1845
DL,2158,ATL,GNV,2045,2155
DL,1130,ATL,GPT,910,928
DL,956,ATL,GPT,1205,1230
DL,1550,ATL,GPT,1622,1647
DL,2194,ATL,GPT,2110,2137
DL,1224,ATL,GRB,1926,2043
EV,5165,ATL,GRK,1025,1152
EV,5303,ATL,GRK,1909,2036
DL,1367,ATL,GRR,838,1032
DL,751,ATL,GRR,1050,1248
DL,885,ATL,GRR,1505,1703
DL,1433,ATL,GRR,2112,2312
DL,1720,ATL,GSO,815,926
DL,2578,ATL,GSO,1051,1208
DL,1118,ATL,GSO,1207,1318
DL,1466,ATL,GSO,1502,1617
DL,1246,ATL,GSO,1630,1746
DL,2466,ATL,GSO,1759,1915
DL,1202,ATL,GSO,1940,2058
DL,1652,ATL,GSO,2057,2217
DL,1206,ATL,GSO,2305,16
EV,5403,ATL,GSP,850,946
EV,5188,ATL,GSP,1027,1124
DL,1341,ATL,GSP,1235,1329
DL,1934,ATL,GSP,1454,1549
DL,879,ATL,GSP,1648,1745
DL,1209,ATL,GSP,1907,2004
DL,893,ATL,GSP,2106,2209
DL,2493,ATL,GSP,2310,3
EV,5372,ATL,GTR,1025,1036
EV,4973,ATL,GTR,1527,1539
EV,5095,ATL,GTR,1929,1940
DL,837,ATL,HNL,1050,1554
WN,2851,ATL,HOU,620,740
DL,1633,ATL,HOU,817,933
WN,3038,ATL,HOU,935,1100
DL,1391,ATL,HOU,1050,1206
DL,2216,ATL,HOU,1257,1413
WN,1716,ATL,HOU,1320,1435
DL,1813,ATL,HOU,1455,1611
DL,2299,ATL,HOU,1611,1727
WN,4033,ATL,HOU,1700,1820
DL,905,ATL,HOU,1905,2025
WN,2181,ATL,HOU,1945,2110
DL,1241,ATL,HOU,2043,2207
EV,5030,ATL,HPN,731,948
EV,4965,ATL,HPN,942,1158
EV,5146,ATL,HPN,1217,1430
EV,5141,ATL,HPN,1444,1654
EV,5040,ATL,HPN,1612,1825
EV,5016,ATL,HPN,1818,2031
EV,4986,ATL,HPN,2046,2256
EV,4874,ATL,HSV,825,823
DL,1380,ATL,HSV,1031,1025
EV,5227,ATL,HSV,1208,1205
DL,1799,ATL,HSV,1350,1346
EV,5218,ATL,HSV,1728,1725
DL,2504,ATL,HSV,1921,1923
DL,1284,ATL,HSV,2205,2203
DL,1271,ATL,HSV,2315,2311
DL,201,ATL,IAD,726,904
DL,1145,ATL,IAD,934,1117
F9,1490,ATL,IAD,1115,1255
DL,2482,ATL,IAD,1135,1314
DL,1195,ATL,IAD,1504,1651
DL,1442,ATL,IAD,1611,1758
DL,2015,ATL,IAD,1915,2104
DL,1201,ATL,IAD,2156,2343
OO,5527,ATL,IAH,635,748
EV,5174,ATL,IAH,730,841
DL,1443,ATL,IAH,915,1035
NK,363,ATL,IAH,940,1050
DL,1675,ATL,IAH,1206,1324
DL,1489,ATL,IAH,1345,1506
OO,5169,ATL,IAH,1440,1558
DL,2208,ATL,IAH,1500,1622
NK,227,ATL,IAH,1558,1706
DL,1884,ATL,IAH,1625,1743
EV,5159,ATL,IAH,1740,1853
UA,1188,ATL,IAH,1856,2017
DL,2146,ATL,IAH,1925,2048
DL,2249,ATL,IAH,2205,2322
DL,2463,ATL,ICT,916,1030
DL,2567,ATL,ICT,1449,1612
DL,2459,ATL,ICT,1935,2102
EV,5462,ATL,ILM,947,1109
EV,4955,ATL,ILM,1233,1351
EV,4870,ATL,ILM,1624,1740
DL,1395,ATL,ILM,1931,2047
OO,4476,ATL,ILM,2210,2328
DL,796,ATL,IND,735,901
WN,1474,ATL,IND,825,1000
DL,1127,ATL,IND,950,1120
DL,1613,ATL,IND,1207,1339
DL,1534,ATL,IND,1440,1613
DL,2281,ATL,IND,1610,1744
WN,913,ATL,IND,1610,1735
DL,1535,ATL,IND,1914,2051
DL,1261,ATL,IND,2055,2231
DL,2804,ATL,IND,2208,2341
WN,2216,ATL,IND,2255,25
DL,1580,ATL,JAN,820,835
DL,1163,ATL,JAN,1050,1111
DL,1228,ATL,JAN,1211,1230
DL,2478,ATL,JAN,1454,1512
DL,799,ATL,JAN,1749,1810
DL,2041,ATL,JAN,1935,1959
DL,2542,ATL,JAN,2210,2231
DL,997,ATL,JAX,730,835
DL,2380,ATL,JAX,830,933
DL,1258,ATL,JAX,930,1037
WN,264,ATL,JAX,955,1110
DL,1317,ATL,JAX,1030,1138
DL,2342,ATL,JAX,1130,1239
DL,2297,ATL,JAX,1230,1337
DL,1416,ATL,JAX,1330,1433
WN,1027,ATL,JAX,1355,1500
DL,2546,ATL,JAX,1430,1537
DL,1789,ATL,JAX,1631,1743
DL,2555,ATL,JAX,1731,1841
WN,1201,ATL,JAX,1900,2010
DL,1273,ATL,JAX,1926,2036
DL,2593,ATL,JAX,2034,2146
DL,1090,ATL,JAX,2200,2311
DL,1070,ATL,JAX,2310,17
DL,2350,ATL,JFK,820,1029
DL,976,ATL,JFK,1031,1248
DL,478,ATL,JFK,1210,1440
DL,1992,ATL,JFK,1502,1729
DL,1296,ATL,JFK,1743,2009
DL,883,ATL,JFK,2155,15
WN,1183,ATL,LAS,755,940
DL,2203,ATL,LAS,821,950
DL,2002,ATL,LAS,942,1113
DL,1402,ATL,LAS,1100,1237
DL,1897,ATL,LAS,1343,1518
WN,2361,ATL,LAS,1350,1530
DL,109,ATL,LAS,1615,1755
DL,67,ATL,LAS,1740,1913
DL,814,ATL,LAS,1955,2130
WN,2625,ATL,LAS,1955,2140
NK,805,ATL,LAS,2025,2140
F9,1457,ATL,LAS,2155,2330
DL,1606,ATL,LAS,2159,2335
WN,1823,ATL,LAS,2205,2345
AA,2515,ATL,LAX,715,915
DL,924,ATL,LAX,729,930
WN,1208,ATL,LAX,815,1030
DL,110,ATL,LAX,816,1020
DL,1181,ATL,LAX,957,1200
NK,473,ATL,LAX,1045,1233
DL,1555,ATL,LAX,1100,1300
AA,2437,ATL,LAX,1230,1430
DL,1655,ATL,LAX,1230,1430
WN,3740,ATL,LAX,1315,1520
DL,1755,ATL,LAX,1344,1545
F9,1479,ATL,LAX,1505,1710
DL,1219,ATL,LAX,1513,1715
DL,1955,ATL,LAX,1633,1840
DL,2808,ATL,LAX,1803,2010
AA,1249,ATL,LAX,1835,2039
DL,17,ATL,LAX,1941,2150
WN,1746,ATL,LAX,2105,2320
DL,2355,ATL,LAX,2153,2355
DL,2513,ATL,LEX,950,1105
DL,840,ATL,LEX,1210,1324
DL,828,ATL,LEX,1449,1604
EV,4964,ATL,LEX,1655,1809
EV,5043,ATL,LEX,1815,1926
DL,1888,ATL,LEX,2059,2219
DL,898,ATL,LEX,2305,17
EV,5597,ATL,LFT,1005,1055
EV,5071,ATL,LFT,1305,1352
EV,5602,ATL,LFT,1614,1702
DL,2614,ATL,LFT,2020,2109
WN,129,ATL,LGA,540,745
DL,786,ATL,LGA,600,814
DL,886,ATL,LGA,645,900
F9,1462,ATL,LGA,655,900
DL,986,ATL,LGA,745,1000
DL,2486,ATL,LGA,845,1105
WN,1701,ATL,LGA,845,1055
DL,1186,ATL,LGA,945,1159
DL,1286,ATL,LGA,1045,1301
DL,1386,ATL,LGA,1145,1400
WN,3018,ATL,LGA,1220,1435
DL,1486,ATL,LGA,1245,1459
DL,1586,ATL,LGA,1345,1610
DL,1786,ATL,LGA,1445,1700
DL,802,ATL,LGA,1545,1807
MQ,3248,ATL,LGA,1606,1820
DL,1886,ATL,LGA,1645,1910
WN,248,ATL,LGA,1725,1935
DL,1986,ATL,LGA,1745,2010
DL,2086,ATL,LGA,1845,2104
DL,2186,ATL,LGA,1945,2159
DL,906,ATL,LGA,2045,2301
WN,1254,ATL,LGA,2050,2305
DL,2386,ATL,LGA,2130,2347
DL,1913,ATL,LIT,855,925
DL,1863,ATL,LIT,1026,1105
DL,1861,ATL,LIT,1351,1430
DL,971,ATL,LIT,1610,1648
DL,1413,ATL,LIT,1917,2001
DL,1432,ATL,LIT,2158,2240
EV,5282,ATL,LNK,1950,2121
DL,701,ATL,MCI,820,929
WN,4065,ATL,MCI,835,955
DL,2075,ATL,MCI,1028,1137
DL,1250,ATL,MCI,1209,1322
DL,918,ATL,MCI,1450,1559
WN,594,ATL,MCI,1550,1700
DL,1364,ATL,MCI,1600,1713
DL,882,ATL,MCI,1830,1941
DL,1587,ATL,MCI,1940,2056
WN,323,ATL,MCI,2100,2215
DL,2831,ATL,MCI,2159,2312
NK,1013,ATL,MCO,600,720
DL,1818,ATL,MCO,655,820
DL,2118,ATL,MCO,755,919
WN,1122,ATL,MCO,840,1010
DL,2018,ATL,MCO,855,1023
DL,2069,ATL,MCO,955,1125
WN,2793,ATL,MCO,955,1130
DL,2169,ATL,MCO,1055,1225
DL,2269,ATL,MCO,1155,1319
DL,2369,ATL,MCO,1255,1423
WN,3150,ATL,MCO,1350,1520
DL,1058,ATL,MCO,1400,1530
DL,897,ATL,MCO,1455,1625
DL,2586,ATL,MCO,1555,1724
NK,219,ATL,MCO,1600,1722
F9,1148,ATL,MCO,1605,1725
DL,2830,ATL,MCO,1655,1825
WN,990,ATL,MCO,1730,1855
DL,1110,ATL,MCO,1805,1936
DL,1669,ATL,MCO,1855,2028
WN,403,ATL,MCO,1855,2025
WN,983,ATL,MCO,2035,2205
DL,1469,ATL,MCO,2045,2215
WN,2935,ATL,MCO,2155,2325
DL,2098,ATL,MCO,2200,2329
DL,1769,ATL,MCO,2305,30
DL,1235,ATL,MDT,946,1135
DL,1238,ATL,MDT,1525,1718
DL,2479,ATL,MDT,2103,2259
WN,314,ATL,MDW,645,740
WN,140,ATL,MDW,740,835
DL,2120,ATL,MDW,858,955
DL,1648,ATL,MDW,1053,1150
WN,1570,ATL,MDW,1135,1230
DL,2573,ATL,MDW,1216,1314
WN,280,ATL,MDW,1300,1355
DL,1116,ATL,MDW,1356,1453
WN,284,ATL,MDW,1525,1625
DL,762,ATL,MDW,1625,1722
WN,1549,ATL,MDW,1715,1810
DL,1688,ATL,MDW,1737,1838
DL,2346,ATL,MDW,1910,2014
WN,279,ATL,MDW,1925,2030
DL,2470,ATL,MDW,2042,2143
DL,2441,ATL,MEM,810,835
DL,1771,ATL,MEM,940,1000
DL,2180,ATL,MEM,1101,1124
DL,2451,ATL,MEM,1340,1406
DL,1281,ATL,MEM,1455,1518
DL,1778,ATL,MEM,1620,1645
DL,1788,ATL,MEM,1742,1806
DL,2461,ATL,MEM,1905,1930
DL,1422,ATL,MEM,2045,2112
DL,1762,ATL,MEM,2155,2222
EV,4898,ATL,MGM,836,835
EV,4934,ATL,MGM,1005,1004
OO,4450,ATL,MGM,1211,1207
EV,5102,ATL,MGM,1401,1356
EV,5183,ATL,MGM,1612,1605
EV,5123,ATL,MGM,1836,1830
EV,5308,ATL,MGM,2046,2037
EV,5373,ATL,MGM,2306,2300
DL,1398,ATL,MHT,2054,2329
AA,1127,ATL,MIA,645,837
DL,566,ATL,MIA,738,929
AA,139,ATL,MIA,810,1016
F9,1444,ATL,MIA,840,1030
DL,873,ATL,MIA,859,1048
DL,1865,ATL,MIA,1002,1156
DL,2173,ATL,MIA,1112,1309
DL,2373,ATL,MIA,1228,1422
DL,1951,ATL,MIA,1340,1538
DL,1860,ATL,MIA,1458,1655
DL,2160,ATL,MIA,1610,1806
DL,1873,ATL,MIA,1736,1932
DL,2287,ATL,MIA,1910,2107
DL,1365,ATL,MIA,2050,2246
DL,1949,ATL,MIA,2300,49
DL,764,ATL,MKE,810,910
WN,2647,ATL,MKE,940,1040
DL,2475,ATL,MKE,1050,1155
DL,1052,ATL,MKE,1206,1308
DL,2035,ATL,MKE,1513,1617
WN,993,ATL,MKE,1555,1655
DL,1663,ATL,MKE,1619,1726
DL,766,ATL,MKE,1930,2038
DL,769,ATL,MKE,2216,2321
WN,5477,ATL,MKE,2245,2355
DL,1856,ATL,MLB,917,1043
DL,2213,ATL,MLB,1212,1340
DL,1713,ATL,MLB,1535,1706
DL,1756,ATL,MLB,2105,2236
EV,5494,ATL,MLI,943,1039
EV,5192,ATL,MLI,1553,1645
EV,5053,ATL,MLI,2120,2214
EV,5087,ATL,MLU,1038,1118
EV,5122,ATL,MLU,1305,1341
EV,5526,ATL,MLU,1630,1707
EV,5429,ATL,MLU,1920,1959
EV,5593,ATL,MOB,816,838
OO,4650,ATL,MOB,1058,1119
EV,5236,ATL,MOB,1245,1300
OO,4822,ATL,MOB,1449,1506
EV,5129,ATL,MOB,1709,1724
DL,1576,ATL,MOB,1900,1920
EV,5206,ATL,MOB,2101,2117
DL,1945,ATL,MOB,2307,2320
DL,2056,ATL,MSN,1026,1134
DL,2617,ATL,MSN,1457,1608
DL,989,ATL,MSN,2000,2112
DL,2610,ATL,MSP,725,900
WN,2243,ATL,MSP,830,1015
DL,784,ATL,MSP,835,1016
DL,2256,ATL,MSP,1050,1229
DL,1172,ATL,MSP,1205,1340
DL,2843,ATL,MSP,1359,1541
DL,2276,ATL,MSP,1455,1640
WN,1615,ATL,MSP,1555,1735
DL,721,ATL,MSP,1630,1812
DL,2074,ATL,MSP,1727,1906
DL,2388,ATL,MSP,1910,2053
DL,314,ATL,MSP,2050,2232
DL,1390,ATL,MSP,2200,2340
WN,3130,ATL,MSP,2245,30
DL,1970,ATL,MSY,750,823
DL,2433,ATL,MSY,855,928
WN,2876,ATL,MSY,930,1000
DL,2646,ATL,MSY,945,1022
DL,754,ATL,MSY,1050,1128
DL,1119,ATL,MSY,1150,1223
WN,1604,ATL,MSY,1155,1225
DL,2425,ATL,MSY,1250,1324
WN,1689,ATL,MSY,1345,1420
DL,1862,ATL,MSY,1350,1427
DL,1293,ATL,MSY,1450,1529
DL,1277,ATL,MSY,1550,1626
DL,1973,ATL,MSY,1650,1728
F9,701,ATL,MSY,1705,1740
DL,321,ATL,MSY,1750,1826
DL,2476,ATL,MSY,1850,1927
WN,209,ATL,MSY,1900,1935
DL,552,ATL,MSY,2145,2222
DL,1064,ATL,MYR,1228,1335
DL,1780,ATL,MYR,1754,1909
DL,1667,ATL,MYR,2110,2224
EV,4900,ATL,OAJ,910,1029
EV,5307,ATL,OAJ,1205,1325
EV,5565,ATL,OAJ,1611,1730
EV,5052,ATL,OAJ,2116,2235
WN,3067,ATL,OAK,835,1110
DL,1147,ATL,OKC,816,933
DL,2481,ATL,OKC,1031,1150
DL,1221,ATL,OKC,1351,1512
DL,2483,ATL,OKC,1613,1733
DL,2047,ATL,OKC,1908,2032
DL,1259,ATL,OKC,2100,2227
WN,1443,ATL,OKC,2240,5
DL,2803,ATL,OMA,820,940
DL,2400,ATL,OMA,1129,1257
DL,1582,ATL,OMA,1539,1711
DL,923,ATL,OMA,1833,2005
DL,2643,ATL,OMA,2126,2254
AA,2564,ATL,ORD,500,618
F9,1307,ATL,ORD,640,740
OO,5559,ATL,ORD,701,809
NK,460,ATL,ORD,710,810
DL,2012,ATL,ORD,730,832
AA,1574,ATL,ORD,744,859
DL,2183,ATL,ORD,854,958
DL,1693,ATL,ORD,954,1058
UA,241,ATL,ORD,1010,1115
NK,762,ATL,ORD,1035,1131
DL,812,ATL,ORD,1055,1203
AA,1530,ATL,ORD,1155,1313
DL,1157,ATL,ORD,1214,1317
DL,1612,ATL,ORD,1344,1450
DL,392,ATL,ORD,1455,1604
DL,1977,ATL,ORD,1615,1720
OO,5606,ATL,ORD,1722,1829
DL,1777,ATL,ORD,1729,1834
DL,2112,ATL,ORD,1915,2021
DL,2241,ATL,ORD,2056,2156
OO,6296,ATL,ORD,2112,2220
NK,764,ATL,ORD,2113,2215
DL,1812,ATL,ORD,2206,2308
DL,1113,ATL,ORF,725,854
DL,1233,ATL,ORF,1025,1156
DL,2141,ATL,ORF,1221,1352
DL,2206,ATL,ORF,1418,1551
DL,1640,ATL,ORF,1535,1707
DL,2595,ATL,ORF,1700,1835
DL,1247,ATL,ORF,1920,2056
DL,2275,ATL,ORF,2051,2226
DL,2095,ATL,ORF,2216,2350
DL,1134,ATL,PBI,838,1023
DL,845,ATL,PBI,941,1133
WN,3718,ATL,PBI,955,1150
DL,1656,ATL,PBI,1100,1251
DL,2564,ATL,PBI,1215,1402
DL,768,ATL,PBI,1356,1546
DL,2448,ATL,PBI,1505,1657
DL,1053,ATL,PBI,1634,1824
DL,1285,ATL,PBI,1745,1934
DL,1081,ATL,PBI,1915,2105
DL,1229,ATL,PBI,2101,2253
WN,176,ATL,PBI,2120,2320
DL,1337,ATL,PBI,2305,51
DL,773,ATL,PDX,940,1209
DL,887,ATL,PDX,1655,1923
DL,503,ATL,PDX,1920,2153
EV,5356,ATL,PHF,941,1119
EV,5339,ATL,PHF,1252,1424
EV,5608,ATL,PHF,1535,1715
EV,5253,ATL,PHF,2109,2245
F9,1024,ATL,PHL,605,805
AA,1844,ATL,PHL,640,834
DL,1478,ATL,PHL,725,922
AA,1804,ATL,PHL,815,1019
WN,1939,ATL,PHL,830,1030
DL,1494,ATL,PHL,851,1055
DL,502,ATL,PHL,945,1145
AA,1864,ATL,PHL,1055,1253
DL,1561,ATL,PHL,1110,1311
DL,1761,ATL,PHL,1256,1457
DL,2236,ATL,PHL,1400,1606
DL,1661,ATL,PHL,1510,1720
WN,822,ATL,PHL,1555,1755
DL,2161,ATL,PHL,1640,1848
AA,2004,ATL,PHL,1735,1931
DL,2394,ATL,PHL,1750,1955
AA,849,ATL,PHL,1945,2142
DL,2094,ATL,PHL,1946,2147
NK,474,ATL,PHL,2010,2205
DL,813,ATL,PHL,2205,6
WN,367,ATL,PHL,2245,45
AA,778,ATL,PHX,730,1000
DL,1546,ATL,PHX,810,1024
WN,1408,ATL,PHX,935,1200
DL,1772,ATL,PHX,1055,1314
AA,413,ATL,PHX,1145,1355
DL,2046,ATL,PHX,1346,1602
DL,1115,ATL,PHX,1635,1848
AA,601,ATL,PHX,1800,2020
DL,1112,ATL,PHX,1919,2134
WN,2226,ATL,PHX,2105,2330
DL,1915,ATL,PHX,2140,2356
EV,4925,ATL,PIA,905,957
EV,4927,ATL,PIA,1410,1459
EV,4976,ATL,PIA,2107,2156
DL,975,ATL,PIT,731,903
WN,111,ATL,PIT,830,1010
DL,1295,ATL,PIT,910,1046
DL,1599,ATL,PIT,1051,1230
DL,1794,ATL,PIT,1253,1430
DL,1305,ATL,PIT,1417,1555
DL,1462,ATL,PIT,1528,1714
DL,1383,ATL,PIT,1725,1902
DL,953,ATL,PIT,2005,2148
DL,2421,ATL,PIT,2219,2359
WN,229,ATL,PIT,2235,15
DL,2212,ATL,PNS,842,852
DL,1353,ATL,PNS,1100,1115
DL,1270,ATL,PNS,1349,1403
DL,1814,ATL,PNS,1459,1516
DL,1236,ATL,PNS,1754,1811
DL,2187,ATL,PNS,2027,2041
DL,2147,ATL,PNS,2219,2235
DL,2225,ATL,PVD,934,1154
DL,2104,ATL,PVD,1454,1722
DL,772,ATL,PVD,2010,2236
DL,2840,ATL,PWM,2042,2317
DL,2351,ATL,RDU,735,850
DL,1294,ATL,RDU,841,957
DL,1177,ATL,RDU,1005,1128
WN,3101,ATL,RDU,1055,1215
DL,1803,ATL,RDU,1115,1235
DL,1564,ATL,RDU,1232,1350
DL,1077,ATL,RDU,1355,1515
DL,1666,ATL,RDU,1455,1616
WN,616,ATL,RDU,1605,1720
DL,1774,ATL,RDU,1620,1740
DL,743,ATL,RDU,1730,1850
DL,303,ATL,RDU,1959,2120
DL,889,ATL,RDU,2059,2218
DL,1083,ATL,RDU,2206,2326
WN,510,ATL,RDU,2210,2325
DL,2836,ATL,RDU,2315,33
DL,1334,ATL,RIC,730,856
WN,3193,ATL,RIC,855,1025
DL,2452,ATL,RIC,958,1128
DL,2399,ATL,RIC,1209,1340
DL,1178,ATL,RIC,1414,1545
DL,1307,ATL,RIC,1545,1715
WN,4002,ATL,RIC,1600,1730
DL,1198,ATL,RIC,1655,1827
DL,1124,ATL,RIC,1944,2119
DL,706,ATL,RIC,2210,2341
WN,2397,ATL,RIC,2235,5
EV,5143,ATL,ROA,925,1048
EV,4930,ATL,ROA,1218,1334
EV,5540,ATL,ROA,1502,1625
EV,4897,ATL,ROA,1759,1919
DL,2607,ATL,ROA,2115,2241
DL,1370,ATL,ROC,914,1117
DL,1584,ATL,ROC,1440,1645
DL,1111,ATL,ROC,2101,2311
EV,5269,ATL,RST,1341,1506
NK,557,ATL,RSW,715,843
DL,801,ATL,RSW,816,946
DL,1068,ATL,RSW,953,1128
WN,472,ATL,RSW,955,1140
DL,1458,ATL,RSW,1129,1305
DL,1136,ATL,RSW,1400,1543
DL,2396,ATL,RSW,1515,1657
DL,15,ATL,RSW,1659,1838
DL,2641,ATL,RSW,1959,2140
WN,2300,ATL,RSW,2105,2250
DL,1050,ATL,RSW,2212,2351
DL,1692,ATL,SAN,810,957
WN,296,ATL,SAN,855,1050
DL,2267,ATL,SAN,1115,1257
DL,1328,ATL,SAN,1640,1830
DL,1642,ATL,SAN,1815,2005
DL,2367,ATL,SAN,2100,2254
DL,1641,ATL,SAT,838,1016
DL,2132,ATL,SAT,940,1114
WN,985,ATL,SAT,1000,1150
DL,1790,ATL,SAT,1050,1228
DL,2553,ATL,SAT,1355,1532
DL,1871,ATL,SAT,1514,1655
DL,2426,ATL,SAT,1838,2013
WN,1989,ATL,SAT,2040,2220
DL,1630,ATL,SAT,2050,2228
DL,1828,ATL,SAV,835,934
DL,1990,ATL,SAV,944,1046
DL,1752,ATL,SAV,1105,1213
DL,1265,ATL,SAV,1305,1407
DL,1983,ATL,SAV,1455,1600
DL,1475,ATL,SAV,1616,1719
DL,1102,ATL,SAV,1755,1900
DL,2307,ATL,SAV,1925,2032
DL,2010,ATL,SAV,2046,2150
DL,1832,ATL,SAV,2200,2304
DL,1320,ATL,SAV,2310,11
OO,4745,ATL,SBN,1006,1159
EV,5038,ATL,SBN,1511,1706
OO,4701,ATL,SBN,1905,2057
OO,4684,ATL,SBN,2054,2245
DL,1522,ATL,SDF,812,928
DL,1302,ATL,SDF,1035,1154
DL,2496,ATL,SDF,1210,1329
DL,2184,ATL,SDF,1454,1615
DL,2064,ATL,SDF,1634,1755
DL,2500,ATL,SDF,1737,1859
DL,1205,ATL,SDF,1905,2029
DL,2605,ATL,SDF,2052,2217
DL,2491,ATL,SDF,2202,2324
AS,749,ATL,SEA,700,930
DL,2039,ATL,SEA,820,1056
DL,1929,ATL,SEA,940,1215
DL,1852,ATL,SEA,1110,1349
DL,1926,ATL,SEA,1300,1526
DL,2188,ATL,SEA,1621,1900
AS,745,ATL,SEA,1840,2115
DL,1760,ATL,SEA,1955,2232
UA,1900,ATL,SFO,718,950
DL,2049,ATL,SFO,810,1032
DL,2265,ATL,SFO,955,1221
DL,1680,ATL,SFO,1104,1330
DL,1880,ATL,SFO,1340,1604
DL,1775,ATL,SFO,1628,1857
UA,1608,ATL,SFO,1825,2057
DL,241,ATL,SFO,1926,2153
DL,2805,ATL,SFO,2106,2330
EV,5076,ATL,SGF,905,959
EV,5248,ATL,SGF,1238,1334
EV,5065,ATL,SGF,1642,1738
DL,2631,ATL,SGF,1931,2029
EV,5056,ATL,SHV,810,905
EV,4921,ATL,SHV,1100,1157
DL,2153,ATL,SHV,1350,1446
DL,330,ATL,SHV,1554,1650
EV,4994,ATL,SHV,1905,1955
EV,5261,ATL,SHV,2040,2132
EV,5345,ATL,SHV,2306,2356
DL,987,ATL,SJC,2000,2216
DL,323,ATL,SJU,815,1242
DL,559,ATL,SJU,950,1420
DL,1387,ATL,SJU,1126,1559
DL,549,ATL,SJU,1805,2236
DL,1105,ATL,SLC,815,1030
DL,1802,ATL,SLC,1100,1315
DL,1507,ATL,SLC,1215,1429
DL,974,ATL,SLC,1407,1620
DL,1841,ATL,SLC,1716,1925
DL,789,ATL,SLC,1855,2109
DL,1835,ATL,SLC,2159,12
DL,760,ATL,SMF,946,1159
DL,2258,ATL,SMF,1936,2200
DL,2109,ATL,SNA,1002,1153
DL,1251,ATL,SNA,1759,1958
DL,913,ATL,SNA,2000,2155
DL,2298,ATL,SRQ,909,1037
DL,1725,ATL,SRQ,1142,1309
DL,1297,ATL,SRQ,1415,1550
DL,2272,ATL,SRQ,1615,1747
DL,1242,ATL,SRQ,1908,2039
DL,776,ATL,SRQ,2215,2349
DL,2309,ATL,STL,812,851
WN,289,ATL,STL,930,1010
DL,1570,ATL,STL,1001,1044
DL,1423,ATL,STL,1150,1225
WN,477,ATL,STL,1335,1415
DL,2084,ATL,STL,1415,1457
DL,1199,ATL,STL,1502,1550
DL,1834,ATL,STL,1715,1758
WN,3154,ATL,STL,1855,1940
DL,791,ATL,STL,1955,2038
DL,1426,ATL,STL,2215,2257
DL,571,ATL,STT,959,1435
DL,2003,ATL,SYR,910,1112
DL,696,ATL,SYR,1454,1707
DL,2013,ATL,SYR,2050,2305
DL,2356,ATL,TLH,918,1024
EV,4958,ATL,TLH,1129,1234
EV,5028,ATL,TLH,1402,1507
DL,1360,ATL,TLH,1615,1718
EV,5243,ATL,TLH,1830,1934
DL,994,ATL,TLH,2011,2119
DL,2416,ATL,TLH,2206,2315
DL,1572,ATL,TPA,730,851
DL,1472,ATL,TPA,830,954
WN,1684,ATL,TPA,915,1045
DL,1891,ATL,TPA,930,1054
WN,1067,ATL,TPA,1015,1150
DL,2091,ATL,TPA,1029,1155
DL,1373,ATL,TPA,1130,1250
NK,228,ATL,TPA,1140,1300
DL,811,ATL,TPA,1240,1405
DL,2023,ATL,TPA,1331,1454
WN,206,ATL,TPA,1345,1515
DL,2172,ATL,TPA,1428,1550
WN,5111,ATL,TPA,1500,1630
DL,950,ATL,TPA,1530,1656
DL,2081,ATL,TPA,1627,1755
DL,2376,ATL,TPA,1728,1855
WN,2723,ATL,TPA,1730,1855
WN,255,ATL,TPA,1820,1945
DL,1758,ATL,TPA,1905,2031
DL,1797,ATL,TPA,2040,2203
WN,1816,ATL,TPA,2125,2255
DL,2304,ATL,TPA,2155,2322
DL,1491,ATL,TPA,2310,33
EV,5171,ATL,TRI,906,1010
EV,5085,ATL,TRI,1345,1446
EV,5103,ATL,TRI,1508,1613
EV,5099,ATL,TRI,1640,1743
DL,1154,ATL,TRI,1916,2025
DL,1529,ATL,TRI,2212,2317
F9,900,ATL,TTN,1450,1646
EV,5084,ATL,TUL,825,933
DL,2199,ATL,TUL,1057,1204
DL,2420,ATL,TUL,1347,1459
DL,2198,ATL,TUL,1631,1741
DL,1594,ATL,TUL,2114,2229
DL,2626,ATL,TUS,1132,1333
DL,1739,ATL,TUS,1935,2140
DL,2815,ATL,TYS,1030,1121
DL,835,ATL,TYS,1246,1340
EV,4999,ATL,TYS,1410,1504
DL,798,ATL,TYS,1530,1629
DL,1332,ATL,TYS,1725,1820
DL,2598,ATL,TYS,2258,2351
EV,5034,ATL,VLD,1043,1148
EV,5295,ATL,VLD,1437,1535
EV,5611,ATL,VLD,2102,2202
EV,4904,ATL,VPS,830,845
EV,4878,ATL,VPS,1132,1148
DL,1310,ATL,VPS,1344,1355
DL,2829,ATL,VPS,1533,1552
DL,2442,ATL,VPS,1658,1710
DL,2516,ATL,VPS,1930,1947
DL,2518,ATL,VPS,2218,2234
EV,5358,ATL,XNA,821,921
DL,2401,ATL,XNA,1030,1125
OO,4703,ATL,XNA,1513,1612
EV,5149,ATL,XNA,1715,1813
DL,2608,ATL,XNA,2106,2203
DL,2088,ATW,ATL,535,859
DL,1308,AUS,ATL,600,905
WN,472,AUS,ATL,605,915
F9,1490,AUS,ATL,700,1000
DL,1984,AUS,ATL,705,1013
DL,1868,AUS,ATL,1055,1405
DL,1858,AUS,ATL,1221,1529
DL,881,AUS,ATL,1436,1743
DL,925,AUS,ATL,1651,2003
DL,663,AUS,ATL,1834,2140
WN,505,AUS,ATL,1855,2200
EV,5333,AVL,ATL,550,649
DL,2576,AVL,ATL,700,806
EV,5226,AVL,ATL,1030,1130
EV,5222,AVL,ATL,1430,1534
DL,2556,AVL,ATL,1705,1817
EV,4971,AVL,ATL,1920,2027
DL,1840,AVP,ATL,600,822
DL,1065,BDL,ATL,600,843
DL,1054,BDL,ATL,725,1009
DL,2457,BDL,ATL,1024,1305
DL,1696,BDL,ATL,1242,1528
DL,2465,BDL,ATL,1520,1805
DL,1690,BDL,ATL,1704,1949
DL,1724,BDL,ATL,1835,2120
DL,667,BHM,ATL,530,726
DL,1914,BHM,ATL,630,847
DL,1379,BHM,ATL,730,941
DL,1051,BHM,ATL,910,1111
DL,1988,BHM,ATL,1015,1213
DL,2559,BHM,ATL,1125,1332
DL,2511,BHM,ATL,1303,1510
DL,116,BHM,ATL,1445,1645
DL,1626,BHM,ATL,1624,1830
DL,1510,BHM,ATL,1730,1934
DL,2525,BHM,ATL,1851,2058
EV,5422,BMI,ATL,605,843
EV,5460,BMI,ATL,1633,1910
DL,2485,BNA,ATL,530,735
DL,2054,BNA,ATL,645,904
DL,1324,BNA,ATL,800,1015
DL,2189,BNA,ATL,915,1121
DL,1066,BNA,ATL,1045,1252
DL,1412,BNA,ATL,1200,1417
DL,1257,BNA,ATL,1300,1510
DL,1676,BNA,ATL,1430,1641
DL,2599,BNA,ATL,1610,1827
DL,2176,BNA,ATL,1725,1941
DL,1173,BNA,ATL,1845,2102
DL,2477,BNA,ATL,2004,2213
WN,17,BOS,ATL,530,835
DL,900,BOS,ATL,600,904
DL,1501,BOS,ATL,715,1017
DL,1601,BOS,ATL,830,1130
DL,1701,BOS,ATL,940,1239
DL,800,BOS,ATL,1100,1401
WN,573,BOS,ATL,1110,1415
DL,1901,BOS,ATL,1205,1500
DL,981,BOS,ATL,1330,1626
DL,105,BOS,ATL,1445,1743
NK,146,BOS,ATL,1458,1755
WN,3154,BOS,ATL,1515,1815
DL,2846,BOS,ATL,1615,1914
DL,709,BOS,ATL,1745,2053
DL,1303,BOS,ATL,1920,2220
DL,1700,BOS,ATL,2025,2329
EV,5270,BQK,ATL,615,724
EV,4992,BQK,ATL,1200,1310
EV,5527,BQK,ATL,1629,1735
EV,5518,BTR,ATL,530,754
EV,5210,BTR,ATL,630,900
EV,5534,BTR,ATL,730,1001
EV,4886,BTR,ATL,815,1043
EV,5166,BTR,ATL,915,1142
EV,4915,BTR,ATL,1141,1411
DL,1278,BTR,ATL,1459,1726
EV,5440,BTR,ATL,1730,2000
DL,1266,BUF,ATL,610,825
DL,1672,BUF,ATL,1055,1305
DL,723,BUF,ATL,1309,1526
DL,1159,BUF,ATL,1605,1821
DL,1176,BUF,ATL,1906,2129
DL,1625,BWI,ATL,600,755
WN,296,BWI,ATL,615,820
DL,693,BWI,ATL,700,902
DL,1222,BWI,ATL,800,959
WN,3101,BWI,ATL,815,1020
DL,1825,BWI,ATL,900,1103
DL,1925,BWI,ATL,1000,1155
DL,995,BWI,ATL,1120,1319
WN,2752,BWI,ATL,1210,1410
DL,2125,BWI,ATL,1230,1432
DL,2325,BWI,ATL,1345,1549
NK,827,BWI,ATL,1409,1604
WN,186,BWI,ATL,1445,1645
DL,1153,BWI,ATL,1500,1701
DL,1425,BWI,ATL,1625,1829
WN,2181,BWI,ATL,1710,1910
DL,1824,BWI,ATL,1745,1950
DL,1117,BWI,ATL,1905,2115
WN,2935,BWI,ATL,1910,2115
WN,2216,BWI,ATL,2020,2220
DL,2143,CAE,ATL,545,647
DL,1590,CAE,ATL,700,808
EV,5555,CAE,ATL,830,943
EV,5111,CAE,ATL,946,1049
EV,5094,CAE,ATL,1159,1305
EV,5238,CAE,ATL,1300,1409
EV,4892,CAE,ATL,1520,1626
DL,1421,CAE,ATL,1815,1938
EV,5224,CAE,ATL,1930,2039
WN,1701,CAK,ATL,600,755
DL,2353,CAK,ATL,625,826
DL,1190,CAK,ATL,1119,1305
DL,2211,CAK,ATL,1521,1710
DL,1998,CAK,ATL,1805,1959
WN,540,CAK,ATL,1830,2020
DL,1748,CHA,ATL,600,650
DL,1340,CHA,ATL,700,750
EV,4933,CHA,ATL,804,905
EV,5538,CHA,ATL,920,1014
OO,4599,CHA,ATL,1043,1130
EV,5177,CHA,ATL,1143,1235
EV,4875,CHA,ATL,1322,1419
EV,4901,CHA,ATL,1558,1650
DL,1958,CHA,ATL,1700,1751
DL,1600,CHA,ATL,1950,2048
DL,817,CHO,ATL,600,740
OO,4594,CHO,ATL,1230,1411
EV,5496,CHO,ATL,1650,1830
DL,2372,CHS,ATL,530,642
DL,2575,CHS,ATL,630,741
DL,1836,CHS,ATL,730,850
DL,2252,CHS,ATL,845,1003
DL,1670,CHS,ATL,1015,1130
DL,1350,CHS,ATL,1130,1245
DL,1463,CHS,ATL,1245,1406
DL,1121,CHS,ATL,1415,1535
DL,2472,CHS,ATL,1530,1650
DL,1791,CHS,ATL,1700,1827
DL,2596,CHS,ATL,1835,2002
EV,5230,CID,ATL,600,910
EV,5068,CID,ATL,1705,1959
DL,2636,CLE,ATL,615,810
DL,2530,CLE,ATL,755,946
DL,1743,CLE,ATL,900,1054
DL,1470,CLE,ATL,1054,1241
DL,1474,CLE,ATL,1255,1445
F9,1407,CLE,ATL,1340,1520
DL,2528,CLE,ATL,1523,1712
DL,1732,CLE,ATL,1640,1830
DL,1946,CLE,ATL,1850,2043
NK,249,CLE,ATL,1940,2124
DL,823,CLT,ATL,535,644
DL,1230,CLT,ATL,700,814
AA,469,CLT,ATL,755,918
DL,1591,CLT,ATL,815,936
DL,2422,CLT,ATL,929,1045
AA,413,CLT,ATL,930,1048
DL,2609,CLT,ATL,1045,1154
AA,1814,CLT,ATL,1140,1301
DL,2251,CLT,ATL,1200,1321
DL,1095,CLT,ATL,1318,1445
AA,873,CLT,ATL,1319,1436
DL,2597,CLT,ATL,1430,1551
DL,2133,CLT,ATL,1545,1700
AA,601,CLT,ATL,1559,1710
DL,2642,CLT,ATL,1700,1829
AA,2041,CLT,ATL,1745,1858
DL,826,CLT,ATL,1815,1939
DL,1407,CLT,ATL,1949,2109
AA,861,CLT,ATL,2025,2140
DL,2197,CMH,ATL,550,730
WN,316,CMH,ATL,615,800
DL,2583,CMH,ATL,700,851
DL,2419,CMH,ATL,819,1002
DL,1681,CMH,ATL,950,1124
WN,206,CMH,ATL,1120,1255
DL,1276,CMH,ATL,1215,1359
DL,755,CMH,ATL,1415,1555
DL,1695,CMH,ATL,1640,1823
DL,1347,CMH,ATL,1823,2005
WN,323,CMH,ATL,1840,2020
DL,2114,COS,ATL,615,1109
DL,1125,CRW,ATL,700,830
EV,5582,CRW,ATL,1135,1304
EV,5425,CRW,ATL,1407,1534
OO,4735,CRW,ATL,1650,1815
EV,5072,CRW,ATL,1908,2035
EV,5046,CSG,ATL,600,643
EV,5190,CSG,ATL,1115,1158
EV,5566,CSG,ATL,1448,1535
EV,5474,CSG,ATL,1730,1817
DL,1143,CVG,ATL,600,741
DL,2315,CVG,ATL,705,849
DL,996,CVG,ATL,935,1110
DL,2103,CVG,ATL,1205,1337
DL,1417,CVG,ATL,1427,1603
DL,1126,CVG,ATL,1620,1751
DL,2106,CVG,ATL,1823,2005
DL,1146,DAB,ATL,715,841
DL,2387,DAB,ATL,1125,1254
DL,1087,DAB,ATL,1402,1535
DL,2439,DAB,ATL,1759,1932
WN,148,DAL,ATL,605,905
DL,2410,DAL,ATL,700,1001
WN,2464,DAL,ATL,935,1235
DL,1279,DAL,ATL,1003,1305
WN,2576,DAL,ATL,1225,1520
DL,1513,DAL,ATL,1241,1542
WN,1201,DAL,ATL,1525,1825
DL,2055,DAL,ATL,1550,1852
DL,2445,DAL,ATL,1800,2105
WN,2397,DAL,ATL,1900,2155
DL,2261,DAY,ATL,600,747
DL,1521,DAY,ATL,1022,1201
DL,1161,DAY,ATL,1426,1605
DL,2337,DAY,ATL,1812,1959
DL,839,DCA,ATL,600,750
WN,3067,DCA,ATL,600,755
DL,872,DCA,ATL,659,858
DL,1139,DCA,ATL,759,959
DL,1239,DCA,ATL,859,1104
WN,3092,DCA,ATL,900,1100
DL,1213,DCA,ATL,959,1151
DL,2648,DCA,ATL,1100,1255
WN,2361,DCA,ATL,1100,1255
DL,1363,DCA,ATL,1159,1357
DL,327,DCA,ATL,1259,1458
DL,1839,DCA,ATL,1400,1603
WN,1549,DCA,ATL,1430,1625
DL,151,DCA,ATL,1500,1658
DL,2651,DCA,ATL,1600,1801
WN,209,DCA,ATL,1630,1825
DL,1539,DCA,ATL,1700,1900
DL,2379,DCA,ATL,1800,2005
WN,2226,DCA,ATL,1825,2025
DL,1409,DCA,ATL,1900,2102
DL,1351,DCA,ATL,2000,2200
DL,1517,DEN,ATL,625,1115
DL,1616,DEN,ATL,745,1237
UA,410,DEN,ATL,955,1454
DL,1816,DEN,ATL,1030,1522
DL,1382,DEN,ATL,1155,1645
UA,311,DEN,ATL,1241,1730
WN,260,DEN,ATL,1245,1735
DL,1916,DEN,ATL,1321,1806
DL,1216,DEN,ATL,1445,1937
F9,422,DEN,ATL,1615,2101
DL,2016,DEN,ATL,1720,2211
UA,677,DEN,ATL,1731,2222
WN,501,DEN,ATL,1850,2335
WN,1789,DEN,ATL,2020,100
F9,420,DEN,ATL,2355,441
DL,1890,DFW,ATL,545,849
DL,1966,DFW,ATL,700,1006
AA,1641,DFW,ATL,710,1018
NK,163,DFW,ATL,800,1108
DL,1954,DFW,ATL,815,1118
AA,1427,DFW,ATL,905,1214
DL,1243,DFW,ATL,945,1242
AA,1473,DFW,ATL,1050,1357
DL,2310,DFW,ATL,1105,1408
AA,344,DFW,ATL,1210,1518
DL,1710,DFW,ATL,1220,1523
AA,1087,DFW,ATL,1330,1634
DL,2110,DFW,ATL,1330,1630
DL,1171,DFW,ATL,1450,1749
AA,232,DFW,ATL,1530,1836
DL,1910,DFW,ATL,1605,1908
AA,1487,DFW,ATL,1645,1948
DL,30,DFW,ATL,1715,2014
AA,2408,DFW,ATL,1820,2125
DL,1810,DFW,ATL,1830,2134
AA,1178,DFW,ATL,2051,2355
EV,5275,DHN,ATL,535,728
EV,5113,DHN,ATL,1050,1247
EV,5006,DHN,ATL,1406,1602
EV,5066,DHN,ATL,1750,1949
DL,1952,DSM,ATL,600,905
DL,2541,DSM,ATL,1150,1453
DL,1532,DSM,ATL,1659,2002
DL,2283,DTW,ATL,600,806
WN,819,DTW,ATL,655,855
DL,2794,DTW,ATL,730,943
DL,1893,DTW,ATL,840,1056
DL,1715,DTW,ATL,1013,1222
WN,349,DTW,ATL,1105,1305
DL,1071,DTW,ATL,1200,1408
DL,316,DTW,ATL,1345,1545
DL,901,DTW,ATL,1453,1657
DL,821,DTW,ATL,1635,1841
DL,630,DTW,ATL,1750,2000
WN,5141,DTW,ATL,1815,2020
NK,567,DTW,ATL,1827,2023
DL,176,DTW,ATL,1900,2113
DL,2403,DTW,ATL,2000,2207
DL,508,ECP,ATL,600,809
DL,2430,ECP,ATL,715,926
DL,1617,ECP,ATL,952,1155
DL,1733,ECP,ATL,1152,1403
DL,2506,ECP,ATL,1439,1650
DL,1403,ECP,ATL,1742,1958
DL,851,ELP,ATL,630,1127
DL,2136,ELP,ATL,1145,1645
DL,2812,ELP,ATL,1612,2115
DL,2613,EVV,ATL,600,830
EV,5069,EVV,ATL,930,1153
EV,5342,EVV,ATL,1723,1950
EV,5313,EWN,ATL,600,733
EV,5398,EWN,ATL,1511,1648
DL,575,EWR,ATL,600,833
UA,241,EWR,ATL,622,900
DL,807,EWR,ATL,700,928
UA,475,EWR,ATL,750,1028
DL,2260,EWR,ATL,800,1028
DL,2558,EWR,ATL,900,1137
DL,2343,EWR,ATL,1015,1240
DL,1920,EWR,ATL,1146,1416
UA,1188,EWR,ATL,1315,1550
DL,673,EWR,ATL,1400,1629
UA,568,EWR,ATL,1529,1806
DL,1942,EWR,ATL,1530,1804
DL,2042,EWR,ATL,1645,1925
UA,607,EWR,ATL,1727,2007
DL,2537,EWR,ATL,1800,2041
DL,2142,EWR,ATL,1945,2215
UA,558,EWR,ATL,2121,2347
EV,5018,EYW,ATL,700,902
DL,1355,EYW,ATL,1210,1413
EV,5105,EYW,ATL,1446,1644
DL,2036,EYW,ATL,1735,1937
DL,1449,FAY,ATL,600,725
EV,5162,FAY,ATL,1002,1128
EV,5063,FAY,ATL,1300,1429
DL,1165,FAY,ATL,1544,1714
EV,4943,FAY,ATL,1700,1827
EV,4957,FAY,ATL,1915,2044
WN,350,FLL,ATL,530,725
DL,2127,FLL,ATL,545,731
DL,827,FLL,ATL,645,836
NK,404,FLL,ATL,730,921
DL,1927,FLL,ATL,745,938
WN,1796,FLL,ATL,755,950
DL,2326,FLL,ATL,845,1036
DL,2227,FLL,ATL,950,1139
DL,2226,FLL,ATL,1045,1237
DL,1589,FLL,ATL,1145,1338
DL,2026,FLL,ATL,1250,1443
WN,425,FLL,ATL,1255,1450
DL,1827,FLL,ATL,1415,1611
DL,1826,FLL,ATL,1555,1750
WN,383,FLL,ATL,1620,1815
DL,1726,FLL,ATL,1655,1851
DL,1615,FLL,ATL,1745,1944
DL,1527,FLL,ATL,1850,2051
DL,2334,FLL,ATL,1945,2144
WN,3130,FLL,ATL,1950,2145
NK,230,FLL,ATL,2145,2329
DL,894,FNT,ATL,600,810
DL,1767,FNT,ATL,1204,1417
DL,2053,FNT,ATL,1749,2004
DL,1428,FSD,ATL,600,935
EV,5336,FSM,ATL,700,943
EV,4914,FSM,ATL,1525,1807
OO,4675,FWA,ATL,630,819
OO,4724,FWA,ATL,800,950
OO,4670,FWA,ATL,1116,1304
OO,4697,FWA,ATL,1659,1846
DL,2076,GNV,ATL,735,855
EV,5077,GNV,ATL,1005,1119
EV,5322,GNV,ATL,1327,1447
EV,5059,GNV,ATL,1441,1556
DL,2552,GNV,ATL,1659,1820
EV,4953,GNV,ATL,1920,2040
DL,1256,GPT,ATL,620,841
DL,1130,GPT,ATL,1003,1217
DL,956,GPT,ATL,1310,1534
DL,1550,GPT,ATL,1723,1949
DL,359,GRB,ATL,540,904
EV,5041,GRK,ATL,600,905
EV,5165,GRK,ATL,1227,1531
DL,2823,GRR,ATL,600,814
DL,1367,GRR,ATL,1107,1314
DL,751,GRR,ATL,1328,1540
DL,885,GRR,ATL,1746,1952
DL,2294,GSO,ATL,530,650
DL,2273,GSO,ATL,700,828
DL,1193,GSO,ATL,815,942
DL,1720,GSO,ATL,1001,1123
DL,2578,GSO,ATL,1250,1414
DL,1118,GSO,ATL,1359,1529
DL,1466,GSO,ATL,1658,1830
DL,1246,GSO,ATL,1826,1954
DL,2466,GSO,ATL,1950,2120
DL,2349,GSP,ATL,545,645
DL,1092,GSP,ATL,700,802
DL,2498,GSP,ATL,830,937
EV,5403,GSP,ATL,1025,1124
EV,5188,GSP,ATL,1200,1259
DL,1341,GSP,ATL,1404,1509
DL,1934,GSP,ATL,1630,1731
DL,879,GSP,ATL,1825,1930
EV,5187,GTR,ATL,640,851
EV,5372,GTR,ATL,1101,1305
EV,4973,GTR,ATL,1605,1812
DL,836,HNL,ATL,1735,709
WN,2768,HOU,ATL,530,830
WN,997,HOU,ATL,625,920
DL,2460,HOU,ATL,645,943
DL,878,HOU,ATL,815,1110
WN,124,HOU,ATL,1005,1300
DL,1633,HOU,ATL,1008,1305
DL,1391,HOU,ATL,1250,1549
WN,990,HOU,ATL,1400,1655
DL,2216,HOU,ATL,1448,1745
DL,1813,HOU,ATL,1651,1954
DL,2299,HOU,ATL,1803,2059
WN,3161,HOU,ATL,1825,2120
EV,4916,HPN,ATL,600,821
EV,5179,HPN,ATL,720,943
EV,5030,HPN,ATL,1025,1243
EV,4965,HPN,ATL,1233,1455
EV,5146,HPN,ATL,1505,1731
EV,5141,HPN,ATL,1729,1953
EV,5040,HPN,ATL,1900,2117
DL,1129,HSV,ATL,530,727
DL,2512,HSV,ATL,650,857
DL,1349,HSV,ATL,800,1004
EV,4874,HSV,ATL,900,1052
DL,1380,HSV,ATL,1100,1304
EV,5227,HSV,ATL,1240,1438
DL,1799,HSV,ATL,1421,1618
EV,5218,HSV,ATL,1800,2003
DL,1520,IAD,ATL,600,758
DL,2645,IAD,ATL,730,930
DL,907,IAD,ATL,945,1136
DL,1160,IAD,ATL,1159,1352
DL,200,IAD,ATL,1355,1551
F9,1493,IAD,ATL,1605,1750
DL,1195,IAD,ATL,1731,1935
DL,1442,IAD,ATL,1835,2034
EV,4974,IAH,ATL,600,857
DL,810,IAH,ATL,710,1010
NK,228,IAH,ATL,800,1057
DL,1940,IAH,ATL,824,1120
OO,6218,IAH,ATL,1035,1332
DL,1443,IAH,ATL,1110,1412
NK,362,IAH,ATL,1140,1439
DL,1675,IAH,ATL,1405,1704
UA,1226,IAH,ATL,1537,1843
DL,1489,IAH,ATL,1546,1847
DL,2208,IAH,ATL,1702,2005
DL,54,IAH,ATL,1820,2120
OO,5657,IAH,ATL,1916,2213
EV,5159,IAH,ATL,1930,2222
DL,2458,ICT,ATL,600,904
DL,2463,ICT,ATL,1110,1412
DL,2567,ICT,ATL,1657,1959
EV,5245,ILM,ATL,600,724
DL,1215,ILM,ATL,720,855
EV,5462,ILM,ATL,1134,1305
EV,4955,ILM,ATL,1416,1547
EV,4870,ILM,ATL,1805,1936
DL,960,IND,ATL,600,733
WN,1122,IND,ATL,605,755
DL,1575,IND,ATL,705,850
DL,1759,IND,ATL,825,1004
DL,796,IND,ATL,945,1118
WN,2890,IND,ATL,1130,1305
DL,1127,IND,ATL,1200,1333
DL,1613,IND,ATL,1420,1555
DL,1534,IND,ATL,1653,1830
DL,2281,IND,ATL,1824,2005
WN,1168,IND,ATL,1850,2025
DL,1931,JAN,ATL,600,816
DL,871,JAN,ATL,720,947
DL,1580,JAN,ATL,910,1130
DL,1163,JAN,ATL,1146,1417
DL,1228,JAN,ATL,1305,1534
DL,2478,JAN,ATL,1549,1817
DL,799,JAN,ATL,1857,2120
DL,1091,JAX,ATL,530,640
WN,1183,JAX,ATL,610,720
DL,1993,JAX,ATL,630,735
DL,732,JAX,ATL,730,852
DL,2365,JAX,ATL,830,948
DL,997,JAX,ATL,930,1044
DL,2380,JAX,ATL,1025,1142
DL,1258,JAX,ATL,1130,1251
DL,1317,JAX,ATL,1230,1354
DL,2342,JAX,ATL,1330,1454
WN,4002,JAX,ATL,1405,1510
DL,2297,JAX,ATL,1430,1554
DL,1416,JAX,ATL,1530,1646
DL,2546,JAX,ATL,1630,1754
DL,1789,JAX,ATL,1825,1951
DL,1964,JAX,ATL,1930,2049
WN,229,JAX,ATL,2040,2145
DL,440,JFK,ATL,615,859
DL,448,JFK,ATL,829,1108
DL,449,JFK,ATL,1200,1436
DL,426,JFK,ATL,1525,1816
DL,2527,JFK,ATL,1815,2109
DL,2029,JFK,ATL,1929,2209
F9,1456,LAS,ATL,40,720
WN,3136,LAS,ATL,550,1235
DL,1602,LAS,ATL,600,1246
DL,916,LAS,ATL,700,1348
WN,284,LAS,ATL,755,1445
DL,726,LAS,ATL,815,1504
DL,108,LAS,ATL,943,1630
WN,498,LAS,ATL,1020,1705
DL,1107,LAS,ATL,1120,1807
DL,1072,LAS,ATL,1214,1904
WN,128,LAS,ATL,1455,2140
DL,2202,LAS,ATL,1520,2206
DL,1100,LAS,ATL,2305,545
NK,806,LAS,ATL,2335,625
DL,929,LAX,ATL,530,1234
WN,3150,LAX,ATL,555,1310
DL,2222,LAX,ATL,640,1348
DL,369,LAX,ATL,725,1432
WN,4033,LAX,ATL,910,1620
AA,1249,LAX,ATL,1000,1717
DL,16,LAX,ATL,1000,1710
DL,1754,LAX,ATL,1115,1830
NK,474,LAX,ATL,1148,1908
DL,101,LAX,ATL,1230,1942
DL,1654,LAX,ATL,1345,2055
WN,367,LAX,ATL,1440,2150
DL,1554,LAX,ATL,1505,2209
AA,2513,LAX,ATL,1600,2315
DL,1454,LAX,ATL,1650,2359
DL,1354,LAX,ATL,2240,551
F9,1478,LAX,ATL,2315,620
AA,1116,LAX,ATL,2325,638
DL,1254,LAX,ATL,2340,649
DL,2501,LEX,ATL,600,723
DL,1093,LEX,ATL,715,850
DL,2513,LEX,ATL,1140,1305
DL,840,LEX,ATL,1359,1526
DL,828,LEX,ATL,1651,1824
EV,4964,LEX,ATL,1834,1958
EV,5043,LEX,ATL,1951,2116
DL,2497,LFT,ATL,600,834
EV,5597,LFT,ATL,1120,1355
EV,5071,LFT,ATL,1417,1649
EV,5602,LFT,ATL,1727,2005
DL,1447,LGA,ATL,600,838
WN,542,LGA,ATL,635,920
DL,2853,LGA,ATL,700,945
DL,1647,LGA,ATL,759,1039
DL,325,LGA,ATL,859,1150
F9,1463,LGA,ATL,940,1220
WN,1716,LGA,ATL,950,1240
DL,1504,LGA,ATL,1000,1256
DL,753,LGA,ATL,1059,1348
DL,301,LGA,ATL,1200,1451
MQ,3248,LGA,ATL,1250,1533
DL,315,LGA,ATL,1259,1546
DL,1309,LGA,ATL,1359,1644
WN,133,LGA,ATL,1425,1715
DL,221,LGA,ATL,1459,1748
DL,2499,LGA,ATL,1600,1850
WN,1338,LGA,ATL,1625,1920
DL,1376,LGA,ATL,1700,1958
DL,1203,LGA,ATL,1730,2030
DL,847,LGA,ATL,1800,2051
DL,1805,LGA,ATL,1900,2152
DL,1244,LGA,ATL,2000,2249
WN,2503,LGA,ATL,2000,2245
DL,2655,LGA,ATL,2100,2339
DL,1481,LIT,ATL,600,830
DL,1614,LIT,ATL,710,946
DL,1913,LIT,ATL,1000,1225
DL,1863,LIT,ATL,1145,1419
DL,1861,LIT,ATL,1507,1740
DL,971,LIT,ATL,1728,2009
EV,4889,LNK,ATL,600,913
WN,1408,MCI,ATL,550,850
DL,941,MCI,ATL,555,853
DL,2165,MCI,ATL,655,955
DL,2233,MCI,ATL,815,1114
WN,1027,MCI,ATL,1005,1300
DL,701,MCI,ATL,1009,1305
DL,2075,MCI,ATL,1217,1516
DL,1250,MCI,ATL,1403,1701
DL,918,MCI,ATL,1655,1949
DL,1364,MCI,ATL,1808,2104
WN,510,MCI,ATL,1845,2135
DL,1418,MCO,ATL,520,648
WN,1474,MCO,ATL,605,740
DL,1518,MCO,ATL,620,751
DL,1618,MCO,ATL,720,858
WN,1480,MCO,ATL,805,940
NK,762,MCO,ATL,825,949
DL,1718,MCO,ATL,830,1009
DL,1818,MCO,ATL,930,1103
WN,1604,MCO,ATL,950,1120
DL,2118,MCO,ATL,1025,1155
DL,2018,MCO,ATL,1130,1310
DL,2069,MCO,ATL,1230,1409
WN,1615,MCO,ATL,1325,1455
DL,2169,MCO,ATL,1330,1504
DL,2269,MCO,ATL,1430,1605
WN,1308,MCO,ATL,1520,1655
DL,2620,MCO,ATL,1529,1709
DL,1850,MCO,ATL,1630,1813
DL,897,MCO,ATL,1730,1910
WN,2625,MCO,ATL,1745,1920
F9,1151,MCO,ATL,1810,1940
NK,805,MCO,ATL,1820,1945
DL,2586,MCO,ATL,1830,2011
DL,2830,MCO,ATL,1930,2106
WN,1823,MCO,ATL,1955,2125
DL,1110,MCO,ATL,2030,2200
DL,2480,MDT,ATL,600,803
DL,1235,MDT,ATL,1210,1419
DL,1238,MDT,ATL,1755,2004
DL,2030,MDW,ATL,600,850
WN,2876,MDW,ATL,600,855
DL,2031,MDW,ATL,710,1002
WN,2779,MDW,ATL,805,1100
DL,2120,MDW,ATL,1030,1323
WN,5111,MDW,ATL,1135,1425
DL,1648,MDW,ATL,1225,1519
WN,1672,MDW,ATL,1240,1530
DL,2573,MDW,ATL,1354,1647
DL,1116,MDW,ATL,1528,1824
WN,261,MDW,ATL,1600,1850
DL,762,MDW,ATL,1759,2057
WN,704,MDW,ATL,1830,2120
DL,1688,MDW,ATL,1915,2218
WN,231,MDW,ATL,1955,2250
DL,1499,MEM,ATL,607,824
DL,2570,MEM,ATL,715,942
DL,1563,MEM,ATL,815,1036
DL,2441,MEM,ATL,915,1130
DL,1771,MEM,ATL,1040,1304
DL,1634,MEM,ATL,1204,1432
DL,2451,MEM,ATL,1446,1658
DL,1699,MEM,ATL,1559,1827
DL,1778,MEM,ATL,1735,2005
DL,1788,MEM,ATL,1846,2116
EV,5128,MGM,ATL,545,731
EV,5315,MGM,ATL,655,904
EV,4898,MGM,ATL,900,1055
EV,4934,MGM,ATL,1029,1225
OO,4450,MGM,ATL,1232,1438
EV,5102,MGM,ATL,1421,1614
EV,5183,MGM,ATL,1632,1830
EV,5123,MGM,ATL,1855,2052
DL,1941,MHT,ATL,635,938
DL,891,MIA,ATL,625,823
DL,1460,MIA,ATL,745,941
DL,749,MIA,ATL,900,1057
DL,566,MIA,ATL,1015,1214
F9,1479,MIA,ATL,1120,1320
DL,1220,MIA,ATL,1130,1329
DL,1865,MIA,ATL,1245,1446
DL,72,MIA,ATL,1400,1600
DL,2373,MIA,ATL,1515,1717
DL,1951,MIA,ATL,1630,1835
DL,1860,MIA,ATL,1745,1949
DL,1549,MIA,ATL,1900,2100
AA,2512,MIA,ATL,1959,2202
DL,1873,MIA,ATL,2015,2217
AA,2388,MIA,ATL,2139,2344
WN,1684,MKE,ATL,530,840
DL,771,MKE,ATL,600,902
DL,2539,MKE,ATL,708,1010
DL,764,MKE,ATL,1000,1257
WN,477,MKE,ATL,1000,1300
DL,2833,MKE,ATL,1259,1600
DL,1052,MKE,ATL,1402,1703
DL,2035,MKE,ATL,1700,2003
WN,1746,MKE,ATL,1700,2020
DL,1663,MKE,ATL,1808,2112
DL,2522,MLB,ATL,600,731
DL,1856,MLB,ATL,1123,1303
DL,2213,MLB,ATL,1420,1600
DL,1713,MLB,ATL,1746,1926
EV,5594,MLI,ATL,600,855
EV,5494,MLI,ATL,1114,1400
EV,5192,MLI,ATL,1720,2005
EV,5435,MLU,ATL,600,830
EV,5087,MLU,ATL,1144,1414
EV,5122,MLU,ATL,1406,1632
EV,5526,MLU,ATL,1732,2004
DL,2250,MOB,ATL,600,806
EV,4882,MOB,ATL,725,936
EV,5593,MOB,ATL,903,1114
OO,4650,MOB,ATL,1147,1359
EV,5236,MOB,ATL,1325,1535
OO,4822,MOB,ATL,1555,1804
EV,5129,MOB,ATL,1749,1959
DL,1576,MOB,ATL,1959,2211
DL,1853,MSN,ATL,600,905
DL,951,MSN,ATL,1105,1415
DL,1135,MSN,ATL,1640,1949
DL,1991,MSP,ATL,520,850
WN,289,MSP,ATL,525,855
DL,783,MSP,ATL,630,1005
DL,1122,MSP,ATL,730,1101
DL,1815,MSP,ATL,858,1232
WN,1689,MSP,ATL,935,1305
DL,744,MSP,ATL,1005,1333
DL,1975,MSP,ATL,1112,1440
DL,785,MSP,ATL,1310,1635
DL,1108,MSP,ATL,1520,1846
DL,888,MSP,ATL,1626,2002
WN,176,MSP,ATL,1700,2025
DL,8,MSP,ATL,1740,2116
DL,2329,MSP,ATL,1910,2244
DL,849,MSY,ATL,615,839
WN,1067,MSY,ATL,720,940
DL,775,MSY,ATL,745,1008
DL,1970,MSY,ATL,915,1138
DL,2433,MSY,ATL,1015,1238
DL,82,MSY,ATL,1105,1329
F9,1436,MSY,ATL,1145,1405
DL,754,MSY,ATL,1215,1442
WN,3023,MSY,ATL,1300,1520
DL,1119,MSY,ATL,1315,1541
DL,2425,MSY,ATL,1415,1640
DL,28,MSY,ATL,1515,1739
WN,255,MSY,ATL,1525,1745
DL,74,MSY,ATL,1615,1844
DL,1277,MSY,ATL,1715,1945
DL,1973,MSY,ATL,1815,2044
DL,321,MSY,ATL,1915,2140
WN,1974,MSY,ATL,1920,2140
DL,1588,MYR,ATL,635,755
DL,1064,MYR,ATL,1410,1535
DL,1780,MYR,ATL,1949,2117
EV,5491,OAJ,ATL,600,730
EV,4900,OAJ,ATL,1054,1228
EV,5307,OAJ,ATL,1350,1527
EV,5565,OAJ,ATL,1755,1929
WN,1969,OAK,ATL,1225,1955
DL,1540,OKC,ATL,600,904
WN,3718,OKC,ATL,605,915
DL,2602,OKC,ATL,745,1050
DL,1147,OKC,ATL,1008,1304
DL,2481,OKC,ATL,1230,1531
DL,1221,OKC,ATL,1550,1852
DL,2483,OKC,ATL,1820,2120
DL,1069,OMA,ATL,545,859
DL,1326,OMA,ATL,655,1009
DL,2803,OMA,ATL,1015,1321
DL,2400,OMA,ATL,1337,1648
DL,1582,OMA,ATL,1751,2102
DL,977,ORD,ATL,545,845
UA,421,ORD,ATL,600,904
NK,221,ORD,ATL,600,850
DL,1477,ORD,ATL,645,949
DL,2412,ORD,ATL,745,1047
AA,1530,ORD,ATL,815,1109
DL,2628,ORD,ATL,845,1142
DL,999,ORD,ATL,1000,1253
DL,2428,ORD,ATL,1115,1410
NK,219,ORD,ATL,1225,1520
DL,393,ORD,ATL,1245,1543
OO,6296,ORD,ATL,1349,1645
DL,1157,ORD,ATL,1400,1657
DL,1612,ORD,ATL,1530,1828
DL,1877,ORD,ATL,1645,1946
OO,5566,ORD,ATL,1735,2037
DL,1977,ORD,ATL,1800,2103
AA,2319,ORD,ATL,1835,2136
DL,1777,ORD,ATL,1915,2213
F9,1276,ORD,ATL,1935,2225
NK,317,ORD,ATL,2020,2314
OO,5204,ORD,ATL,2052,2352
AA,2565,ORD,ATL,2150,44
DL,2557,ORF,ATL,545,735
DL,1183,ORF,ATL,700,857
DL,1252,ORF,ATL,805,1000
DL,1113,ORF,ATL,934,1127
DL,1233,ORF,ATL,1236,1435
DL,2141,ORF,ATL,1434,1630
DL,2206,ORF,ATL,1631,1830
DL,1640,ORF,ATL,1750,1950
DL,2595,ORF,ATL,1919,2120
WN,1939,PBI,ATL,535,725
DL,1358,PBI,ATL,545,727
DL,792,PBI,ATL,700,850
DL,1184,PBI,ATL,815,1006
DL,2271,PBI,ATL,920,1108
DL,1134,PBI,ATL,1109,1257
DL,845,PBI,ATL,1226,1419
DL,1656,PBI,ATL,1341,1530
DL,2564,PBI,ATL,1455,1650
DL,768,PBI,ATL,1631,1828
DL,2448,PBI,ATL,1745,1942
DL,1053,PBI,ATL,1915,2109
WN,3089,PBI,ATL,1955,2145
DL,1156,PDX,ATL,620,1350
DL,773,PDX,ATL,1304,2033
DL,503,PDX,ATL,2255,621
EV,5062,PHF,ATL,600,750
EV,5356,PHF,ATL,1154,1343
EV,5339,PHF,ATL,1459,1649
EV,5608,PHF,ATL,1750,1943
DL,2543,PHL,ATL,615,829
WN,264,PHL,ATL,635,855
DL,2061,PHL,ATL,725,946
NK,473,PHL,ATL,740,952
AA,1727,PHL,ATL,745,1010
DL,805,PHL,ATL,845,1057
DL,1478,PHL,ATL,1017,1240
DL,1494,PHL,ATL,1135,1355
DL,1895,PHL,ATL,1245,1457
WN,47,PHL,ATL,1315,1530
DL,1561,PHL,ATL,1400,1617
AA,1887,PHL,ATL,1435,1656
DL,1761,PHL,ATL,1540,1755
AA,2031,PHL,ATL,1635,1856
DL,2236,PHL,ATL,1650,1913
WN,1252,PHL,ATL,1750,2015
DL,1661,PHL,ATL,1800,2039
AA,1833,PHL,ATL,1815,2044
DL,2161,PHL,ATL,1930,2152
AA,1759,PHL,ATL,2025,2243
F9,1023,PHL,ATL,2105,2320
DL,1646,PHX,ATL,55,617
WN,3087,PHX,ATL,530,1055
DL,1128,PHX,ATL,630,1158
DL,1446,PHX,ATL,830,1403
AA,610,PHX,ATL,955,1538
DL,1546,PHX,ATL,1117,1647
AA,612,PHX,ATL,1325,1857
DL,1772,PHX,ATL,1415,1946
WN,2099,PHX,ATL,1605,2140
AA,614,PHX,ATL,1620,2150
DL,2046,PHX,ATL,1652,2223
EV,4928,PIA,ATL,600,858
EV,4925,PIA,ATL,1022,1305
EV,4927,PIA,ATL,1530,1820
DL,1085,PIT,ATL,600,753
WN,2793,PIT,ATL,705,915
DL,2126,PIT,ATL,820,1011
DL,975,PIT,ATL,940,1127
DL,1295,PIT,ATL,1126,1314
DL,1599,PIT,ATL,1310,1500
DL,1794,PIT,ATL,1510,1702
DL,1305,PIT,ATL,1635,1830
DL,1462,PIT,ATL,1758,1949
WN,2300,PIT,ATL,1825,2025
DL,1383,PIT,ATL,1945,2134
DL,1234,PNS,ATL,600,809
DL,1078,PNS,ATL,725,942
DL,2212,PNS,ATL,927,1136
DL,1353,PNS,ATL,1155,1414
DL,1270,PNS,ATL,1454,1711
DL,1814,PNS,ATL,1607,1830
DL,1236,PNS,ATL,1852,2110
DL,1263,PVD,ATL,645,934
DL,2225,PVD,ATL,1234,1525
DL,2104,PVD,ATL,1810,2102
DL,1249,PWM,ATL,700,1006
DL,2837,RDU,ATL,525,650
WN,1208,RDU,ATL,605,735
DL,1456,RDU,ATL,625,751
DL,1482,RDU,ATL,730,908
DL,1137,RDU,ATL,830,1004
DL,2351,RDU,ATL,945,1110
DL,1294,RDU,ATL,1100,1225
WN,998,RDU,ATL,1130,1255
DL,1177,RDU,ATL,1215,1341
DL,1803,RDU,ATL,1330,1503
DL,1564,RDU,ATL,1440,1609
DL,1077,RDU,ATL,1600,1730
DL,1666,RDU,ATL,1715,1848
DL,1774,RDU,ATL,1830,2009
WN,412,RDU,ATL,1900,2025
DL,743,RDU,ATL,1945,2120
DL,1961,RIC,ATL,600,745
WN,4065,RIC,ATL,600,750
DL,1673,RIC,ATL,710,905
DL,1334,RIC,ATL,936,1123
WN,387,RIC,ATL,1105,1255
DL,2452,RIC,ATL,1218,1409
DL,2399,RIC,ATL,1420,1609
DL,1178,RIC,ATL,1625,1819
DL,1307,RIC,ATL,1759,1953
WN,983,RIC,ATL,1805,1950
DL,1198,RIC,ATL,1917,2110
DL,2505,ROA,ATL,700,835
EV,5143,ROA,ATL,1113,1235
EV,4930,ROA,ATL,1400,1528
EV,5540,ROA,ATL,1700,1830
EV,4897,ROA,ATL,1945,2115
DL,2129,ROC,ATL,600,820
DL,1370,ROC,ATL,1157,1418
DL,1584,ROC,ATL,1725,1952
EV,5278,RST,ATL,1446,1758
WN,2243,RSW,ATL,540,725
DL,2584,RSW,ATL,700,846
DL,967,RSW,ATL,808,955
NK,556,RSW,ATL,928,1104
DL,801,RSW,ATL,1026,1210
DL,1068,RSW,ATL,1220,1408
DL,14,RSW,ATL,1345,1533
DL,1136,RSW,ATL,1635,1824
DL,2396,RSW,ATL,1802,1955
DL,2427,RSW,ATL,1928,2120
WN,1443,RSW,ATL,2000,2145
DL,1592,SAN,ATL,615,1320
DL,347,SAN,ATL,730,1436
DL,1692,SAN,ATL,1057,1804
WN,1816,SAN,ATL,1350,2050
DL,2267,SAN,ATL,1402,2112
DL,1792,SAN,ATL,2230,527
WN,4046,SAT,ATL,540,900
DL,774,SAT,ATL,615,932
DL,553,SAT,ATL,720,1036
DL,1641,SAT,ATL,1059,1420
DL,2132,SAT,ATL,1204,1520
DL,1790,SAT,ATL,1319,1635
DL,2553,SAT,ATL,1630,1950
DL,1871,SAT,ATL,1745,2103
WN,1003,SAT,ATL,1805,2115
DL,2007,SAV,ATL,530,633
DL,2848,SAV,ATL,630,735
DL,2507,SAV,ATL,730,838
DL,1987,SAV,ATL,830,941
DL,1828,SAV,ATL,1015,1127
DL,1990,SAV,ATL,1130,1237
DL,1752,SAV,ATL,1300,1420
DL,1265,SAV,ATL,1442,1600
DL,1983,SAV,ATL,1645,1801
DL,1475,SAV,ATL,1800,1919
DL,1102,SAV,ATL,1940,2057
OO,4820,SBN,ATL,600,759
OO,4699,SBN,ATL,800,1003
OO,4745,SBN,ATL,1225,1420
OO,4688,SBN,ATL,1655,1853
DL,2099,SDF,ATL,600,727
DL,700,SDF,ATL,700,825
DL,2344,SDF,ATL,815,946
DL,1522,SDF,ATL,1004,1130
DL,1302,SDF,ATL,1235,1405
DL,2496,SDF,ATL,1404,1535
DL,2184,SDF,ATL,1651,1818
DL,2064,SDF,ATL,1835,2012
DL,2500,SDF,ATL,1939,2110
DL,1598,SEA,ATL,645,1418
DL,1837,SEA,ATL,800,1542
AS,746,SEA,ATL,955,1731
DL,1132,SEA,ATL,1045,1825
DL,1240,SEA,ATL,1200,1942
DL,2822,SEA,ATL,1445,2215
AS,750,SEA,ATL,1620,2357
DL,1917,SEA,ATL,2231,600
DL,2447,SFO,ATL,600,1330
DL,240,SFO,ATL,745,1517
DL,61,SFO,ATL,850,1627
UA,1602,SFO,ATL,853,1635
DL,1866,SFO,ATL,1157,1932
DL,1680,SFO,ATL,1425,2157
DL,1880,SFO,ATL,1659,22
UA,1806,SFO,ATL,2247,618
DL,2509,SFO,ATL,2255,620
DL,1847,SGF,ATL,605,854
EV,5076,SGF,ATL,1034,1316
EV,5248,SGF,ATL,1400,1640
EV,5065,SGF,ATL,1804,2045
EV,5362,SHV,ATL,600,839
EV,5439,SHV,ATL,705,946
EV,5472,SHV,ATL,800,1040
EV,5056,SHV,ATL,930,1205
EV,4921,SHV,ATL,1222,1500
DL,2153,SHV,ATL,1521,1759
DL,330,SHV,ATL,1725,2005
DL,987,SJC,ATL,2313,638
DL,922,SJU,ATL,825,1120
DL,322,SJU,ATL,1335,1631
DL,506,SJU,ATL,1520,1821
DL,1595,SJU,ATL,1650,1949
DL,2324,SLC,ATL,55,617
DL,1123,SLC,ATL,710,1241
DL,1524,SLC,ATL,830,1410
DL,1740,SLC,ATL,956,1530
DL,1333,SLC,ATL,1105,1635
DL,2154,SLC,ATL,1420,1955
DL,147,SLC,ATL,1530,2055
DL,760,SMF,ATL,1254,2020
DL,2258,SMF,ATL,2252,605
DL,2454,SNA,ATL,645,1408
DL,1918,SNA,ATL,825,1533
DL,2109,SNA,ATL,1248,1954
DL,1362,SRQ,ATL,600,734
DL,1508,SRQ,ATL,700,836
DL,2298,SRQ,ATL,1117,1256
DL,1725,SRQ,ATL,1354,1534
DL,1297,SRQ,ATL,1640,1819
DL,2272,SRQ,ATL,1830,2013
WN,3193,STL,ATL,545,820
DL,1179,STL,ATL,600,833
DL,1080,STL,ATL,710,944
DL,2309,STL,ATL,931,1200
DL,1570,STL,ATL,1126,1359
WN,993,STL,ATL,1245,1515
DL,1423,STL,ATL,1305,1535
DL,2084,STL,ATL,1544,1819
WN,347,STL,ATL,1620,1850
DL,2257,STL,ATL,1708,1944
DL,1834,STL,ATL,1843,2118
DL,926,STT,ATL,1530,1835
DL,2014,SYR,ATL,545,814
DL,2003,SYR,ATL,1152,1420
DL,696,SYR,ATL,1749,2027
DL,2417,TLH,ATL,545,648
DL,957,TLH,ATL,700,805
DL,2356,TLH,ATL,1059,1206
EV,4958,TLH,ATL,1309,1420
EV,5028,TLH,ATL,1542,1645
DL,1360,TLH,ATL,1756,1910
EV,5243,TLH,ATL,2006,2115
DL,2323,TPA,ATL,520,644
WN,2633,TPA,ATL,600,730
DL,1872,TPA,ATL,630,758
WN,2647,TPA,ATL,725,855
DL,2137,TPA,ATL,730,908
DL,969,TPA,ATL,830,1009
DL,1572,TPA,ATL,945,1118
DL,1472,TPA,ATL,1045,1213
WN,280,TPA,ATL,1055,1225
DL,1891,TPA,ATL,1145,1319
DL,2091,TPA,ATL,1245,1426
WN,912,TPA,ATL,1330,1500
DL,1373,TPA,ATL,1345,1522
NK,227,TPA,ATL,1355,1518
DL,811,TPA,ATL,1445,1612
DL,2023,TPA,ATL,1545,1722
WN,2005,TPA,ATL,1635,1800
DL,2172,TPA,ATL,1645,1826
DL,950,TPA,ATL,1745,1925
DL,2081,TPA,ATL,1845,2020
WN,1550,TPA,ATL,1925,2055
DL,84,TPA,ATL,1945,2118
WN,257,TPA,ATL,2015,2145
DL,1152,TRI,ATL,615,722
DL,2572,TRI,ATL,720,835
EV,5171,TRI,ATL,1035,1144
EV,5085,TRI,ATL,1521,1631
EV,5103,TRI,ATL,1638,1749
EV,5099,TRI,ATL,1810,1919
F9,901,TTN,ATL,1410,1625
DL,1867,TUL,ATL,605,902
EV,5084,TUL,ATL,1010,1256
DL,2199,TUL,ATL,1239,1530
DL,2420,TUL,ATL,1534,1827
DL,2198,TUL,ATL,1816,2106
DL,1345,TUS,ATL,715,1239
DL,2626,TUS,ATL,1418,1948
DL,2579,TYS,ATL,830,941
DL,2815,TYS,ATL,1200,1303
DL,835,TYS,ATL,1415,1519
EV,4999,TYS,ATL,1530,1632
DL,798,TYS,ATL,1711,1817
DL,1332,TYS,ATL,1855,2003
EV,5501,VLD,ATL,549,650
EV,5034,VLD,ATL,1215,1318
EV,5295,VLD,ATL,1600,1710
DL,2517,VPS,ATL,519,725
DL,2519,VPS,ATL,720,935
EV,4904,VPS,ATL,920,1130
EV,4878,VPS,ATL,1223,1435
DL,1310,VPS,ATL,1431,1643
DL,2829,VPS,ATL,1629,1844
DL,2442,VPS,ATL,1745,2005
DL,2535,XNA,ATL,600,843
EV,5358,XNA,ATL,946,1225
DL,2401,XNA,ATL,1200,1445
EV,4884,XNA,ATL,1305,1549
EV,5149,XNA,ATL,1838,2120
